"Class";"Name";"InChIKey";"CID";"CAS";"Bruyne.2001.RR"
"1";NA;"SFR";"SFR";"SFR";"SFR";NA
"2";"other";"water";"XLYOFNOQVPJJNP-UHFFFAOYSA-N";"962";"7732-18-5";NA
"3";"amine";"ammonium hydroxide";"VHUUQVKOLVNVRT-UHFFFAOYSA-N";"14923";"1336-21-6";NA
"4";"amine";"putrescine";"KIDHWZJUCRJVML-UHFFFAOYSA-N";"1045";"110-60-1";NA
"5";"amine";"cadaverine";"VHRGRCVQAFMJIZ-UHFFFAOYSA-N";"273";"462-94-2";NA
"6";"amine";"ammonia";"QGZKDVFQNNGYKY-UHFFFAOYSA-N";"222";"7664-41-7";0
"7";"amine";"ethanolamine";"HZAXFHJVJLSVMW-UHFFFAOYSA-N";"700";"141-43-5";0
"8";"amine";"heptylamine";"WJYIASZWHGOTOU-UHFFFAOYSA-N";"8127";"111-68-2";NA
"9";"amine";"isoamylamine";"BMFVGAAISNGQNM-UHFFFAOYSA-N";"7894";"107-85-7";NA
"10";"amine";"dimethylamine";"ROSDSFDQCJNGOL-UHFFFAOYSA-N";"674";"124-40-3";NA
"11";"O ring";"gamma-butyrolactone";"YEJRWHAVMIAJKC-UHFFFAOYSA-N";"7302";"96-48-0";NA
"12";"O ring";"gamma-hexalactone";"JBFHTYHTHYHCDJ-UHFFFAOYSA-N";"12756";"695-06-7";NA
"13";"O ring";"gamma-octalactone";"IPBFYZQJXZJBFQ-UHFFFAOYSA-N";"7704";"104-50-7";NA
"14";"O ring";"gamma-decalactone";"IFYYFLINQYPWGJ-UHFFFAOYSA-N";"12813";"706-14-9";NA
"15";"O ring";"delta-decalactone";"GHBSPIPJMLAMEP-UHFFFAOYSA-N";"12810";"705-86-2";NA
"16";"acid";"methanoic acid";"BDAGIHXWWSANSR-UHFFFAOYSA-N";"284";"64-18-6";NA
"17";"acid";"acetic acid";"QTBSBXVTEAMEQO-UHFFFAOYSA-N";"176";"64-19-7";NA
"18";"acid";"propanoic acid";"XBDQKXXYIPTUBI-UHFFFAOYSA-N";"1032";"79-09-4";NA
"19";"acid";"butyric acid";"FERIUCNNQQJTOY-UHFFFAOYSA-N";"264";"107-92-6";0
"20";"acid";"pentanoic acid";"NQPDZGIKBAWPEJ-UHFFFAOYSA-N";"7991";"109-52-4";NA
"21";"acid";"hexanoic acid";"FUZZWVXGSFPDMH-UHFFFAOYSA-N";"8892";"142-62-1";NA
"22";"acid";"heptanoic acid";"MNWFXJYAOYHMED-UHFFFAOYSA-N";"8094";"111-14-8";NA
"23";"acid";"octanoic acid";"WWZKQHOCKIZLMA-UHFFFAOYSA-N";"379";"124-07-2";NA
"24";"acid";"nonanoic acid";"FBUKVWPVBMHYJY-UHFFFAOYSA-N";"8158";"112-05-0";NA
"25";"acid";"linoleic acid";"OYHQOLUKZRVURQ-HZJYTTRNSA-N";"5280450";"60-33-3";NA
"26";"acid";"isobutyric acid";"KQNPFQTWMSNSAP-UHFFFAOYSA-N";"6590";"79-31-2";NA
"27";"acid";"isopentanoic acid";"GWYFCOCPABKNJV-UHFFFAOYSA-N";"10430";"503-74-2";NA
"28";"acid";"pyruvic acid";"LCTONWCANYUPML-UHFFFAOYSA-N";"1060";"127-17-3";NA
"29";"acid";"2-ethylhexanoic acid";"OBETXYAYXDNJHR-UHFFFAOYSA-N";"8697";"149-57-5";NA
"30";"acid";"lactic acid";"JVTAAEKCZFNVCJ-UHFFFAOYSA-N";"612";"50-21-5";NA
"31";"sulfid";"3-methylthio-1-propanol";"CZUGFKJYCPYHHV-UHFFFAOYSA-N";"10448";"505-10-2";0
"32";"sulfid";"dimethyl sulfide";"QMMFVYPAHWMCMS-UHFFFAOYSA-N";"1068";"75-18-3";NA
"33";"sulfid";"dipropyldisulphide";"ALVPFGSHPUPROW-UHFFFAOYSA-N";"12377";"629-19-6";0
"34";"sulfid";"propanethiol";"SUVIGLJNEAMWEG-UHFFFAOYSA-N";"7848";"107-03-9";0
"35";"terpene";"terpinolene";"MOYAFQVGZZPNRA-UHFFFAOYSA-N";"11463";"586-62-9";NA
"36";"terpene";"alpha-pinene";"GRWFGVWFFZKLTI-UHFFFAOYSA-N";"6654";"80-56-8";0
"37";"terpene";"beta-pinene";"WTARULDDTDQWMU-UHFFFAOYSA-N";"14896";"127-91-3";NA
"38";"terpene";"3-carene";"BQOFWKZOCNGFEC-UHFFFAOYSA-N";"443156";"13466-78-9";NA
"39";"terpene";"limonene";"XMGQYMWWDOXHJM-UHFFFAOYSA-N";"22311";"138-86-3";NA
"40";"terpene";"alpha-humulene";"FAMPSKZZVDUYOS-HRGUGZIWSA-N";"5281520";"6753-98-6";NA
"41";"terpene";"beta-myrcene";"UAHWPYUMFXYFJY-UHFFFAOYSA-N";"31253";"123-35-3";NA
"42";"terpene";"(-)-trans-caryophyllene";"NPNUFJAVOOONJE-GFUGXAQUSA-N";"5281515";"87-44-5";NA
"43";"terpene";"p-cymene";"HFPZCAJZSCWRBC-UHFFFAOYSA-N";"7463";"99-87-6";NA
"44";"terpene";"geranyl acetate";"HIGQPQRQIQDZMP-DHZHZOJOSA-N";"1549026";"105-87-3";0
"45";"terpene";"alpha-terpineol";"WUOACPNHFRMFPN-SECBINFHSA-N";"443162";"10482-56-1";NA
"46";"terpene";"geraniol";"GLZPCOQZEFWAFX-JXMROGBWSA-N";"637566";"106-24-1";NA
"47";"terpene";"nerol";"GLZPCOQZEFWAFX-YFHOEESVSA-N";"643820";"106-25-2";NA
"48";"terpene";"linalool";"CDOSHBSSFJOMGT-UHFFFAOYSA-N";"6549";"78-70-6";0
"49";"terpene";"beta-citronellol";"QMVPMAAFGQKVCJ-SNVBAGLBSA-N";"8842";"106-22-9";0
"50";"terpene";"linalool oxide";"BRHDDEIRQPDPMG-UHFFFAOYSA-N";"22310";"60047-17-8";NA
"51";"terpene";"(R)-(-)-carvone";"ULDHMXUKGWMISQ-SECBINFHSA-N";"439570";"6485-40-1";NA
"52";"terpene";"(S)-(+)-carvone";"ULDHMXUKGWMISQ-VIFPVBQESA-N";"16724";"2244-16-8";NA
"53";"terpene";"1,8-cineole";"WEEGYLXZBRQIMU-WAAGHKOSSA-N";"2758";"470-82-6";0
"54";"terpene";"1,4-cineol";"RFFOTVCVTJUTAD-UHFFFAOYSA-N";"10106";"470-67-7";NA
"55";"terpene";"citral";"WTEVQBCEXWBHNA-JXMROGBWSA-N";"638011";"5392-40-5";NA
"56";"terpene";"(S)-(-)-citronellal";"NEHNMFOYXAPHSD-JTQLQIEISA-N";"443157";"5949-05-3";NA
"57";"terpene";"(1R)-(-)-fenchone";"LHXDLQBQYFFVNW-OIBJUYFYSA-N";"14525";"7787-20-4";NA
"58";"terpene";"(R)-(+)-limonene";"XMGQYMWWDOXHJM-JTQLQIEISA-N";"440917";"5989-27-5";0
"59";"terpene";"(-)-menthone";"NFLGAXVYCFJBMK-BDAKNGLRSA-N";"26447";"14073-97-3";NA
"60";"terpene";"(1R)-(-)-myrtenal";"KMRMUZKLFIEVAO-UHFFFAOYSA-N";"61130";"564-94-3";NA
"61";"terpene";"(+)-alpha-pinene";"GRWFGVWFFZKLTI-RKDXNWHRSA-N";"82227";"7785-70-8";NA
"62";"terpene";"(R)-(+)-pulegon";"NZGWDASTMWDZIW-MRVPVSSYSA-N";"442495";"89-82-7";NA
"63";"terpene";"(-)-alpha-thujone";"USMNOWBWPHYOEA-MRTMQBJTSA-N";"261491";"546-80-5";NA
"64";"terpene";"alpha-bisabolol";"RGZSQWQPBWRIAQ-CABCVRRESA-N";"10586";"23089-26-1";NA
"65";"terpene";"E,E-farnesol";"CRDAMVZIKSXKFV-YFVJMOTDSA-N";"445070";"106-28-5";NA
"66";"terpene";"alpha-ionone";"UZFLPKAIBPNNCA-BQYQJAHWSA-N";"5282108";"127-41-3";NA
"67";"terpene";"beta-ionone";"PSQYTAPXSHCGMF-BQYQJAHWSA-N";"638014";"79-77-6";NA
"68";"terpene";"L-limonen";"XMGQYMWWDOXHJM-SNVBAGLBSA-N";"439250";"5989-54-8";NA
"69";"aldehyde";"acetaldehyde";"IKHGUXGNUITLKF-UHFFFAOYSA-N";"177";"75-07-0";NA
"70";"aldehyde";"propanal";"NBBJYMSMWIIQGU-UHFFFAOYSA-N";"527";"123-38-6";NA
"71";"aldehyde";"butanal";"ZTQSAGDEMFDKMZ-UHFFFAOYSA-N";"261";"123-72-8";NA
"72";"aldehyde";"pentanal";"HGBOYTHUEUWSSQ-UHFFFAOYSA-N";"8063";"110-62-3";NA
"73";"aldehyde";"hexanal";"JARKCYVAAOWBJS-UHFFFAOYSA-N";"6184";"66-25-1";NA
"74";"aldehyde";"E2-hexenal";"MBDOYVRWFFCFHM-SNAWJCMRSA-N";"5281168";"6728-26-3";0
"75";"O ring";"furfural";"HYBBIBNJHNGZAN-UHFFFAOYSA-N";"7362";"98-01-1";NA
"76";"aldehyde";"2-propenal";"HGINCPLSRVDWNT-UHFFFAOYSA-N";"7847";"107-02-8";NA
"77";"aldehyde";"octanal";"NUJGJRNETVAIRJ-UHFFFAOYSA-N";"454";"124-13-0";NA
"78";"aldehyde";"decanal";"KSMVZQYAVGTKIV-UHFFFAOYSA-N";"8175";"112-31-2";NA
"79";"aldehyde";"heptanal";"FXHGMKSSBGDXIY-UHFFFAOYSA-N";"8130";"111-71-7";NA
"80";"aldehyde";"E2-octenal";"LVBXEMGDVWVTGY-VOTSOKGWSA-N";"5283324";"2548-87-0";0
"81";"aldehyde";"nonanal";"GYHFUZHODSMOHU-UHFFFAOYSA-N";"31289";"124-19-6";0
"82";"aldehyde";"E2-heptenal";"NDFKTBCGKNOHPJ-AATRIKPKSA-N";"5283316";"18829-55-5";NA
"83";"ketone";"acetone";"CSCPPACGZOOCGX-UHFFFAOYSA-N";"180";"67-64-1";0
"84";"ketone";"2-butanone";"ZWEHNKRNPOVVGH-UHFFFAOYSA-N";"6569";"78-93-3";NA
"85";"ketone";"2-pentanone";"XNLICIUVMPYHGG-UHFFFAOYSA-N";"7895";"107-87-9";NA
"86";"ketone";"2-heptanone";"CATSNJVOTSVZJV-UHFFFAOYSA-N";"8051";"110-43-0";0
"87";"ketone";"6-methyl-5-hepten-2-one";"UHEPJGULSIKKTP-UHFFFAOYSA-N";"9862";"110-93-0";NA
"88";"ketone";"2,3-butanedione";"QSJXEFYPDANLFS-UHFFFAOYSA-N";"650";"431-03-8";0
"89";"ketone";"3-hydroxy-2-butanone";"ROWKJAVDOGWPAT-UHFFFAOYSA-N";"179";"513-86-0";NA
"90";"ketone";"3-penten-2-one";"LABTWGUMFABVFG-ARJAWSKDSA-N";"12248";"625-33-2";NA
"91";"ketone";"2-hexanone";"QQZOPKMRPOGIEB-UHFFFAOYSA-N";"11583";"591-78-6";NA
"92";"ketone";"3-hexanone";"PFCHFHIRKBAQGU-UHFFFAOYSA-N";"11509";"589-38-8";NA
"93";"ketone";"cyclohexanone";"JHIVVAPYMSGYDF-UHFFFAOYSA-N";"7967";"108-94-1";0
"94";"ketone";"2-octanone";"ZPVFWPFBNIEHGJ-UHFFFAOYSA-N";"8093";"111-13-7";NA
"95";"ketone";"2-methyl-3-heptanone";"XYYMFUCZDNNGFS-UHFFFAOYSA-N";"25611";"13019-20-0";NA
"96";"ketone";"nonanone";"VKCYHJWLYTUGCC-UHFFFAOYSA-N";"13187";"821-55-6";NA
"97";"ketone";"3-heptanone";"NGAZZOYFWWSOGK-UHFFFAOYSA-N";"7802";"106-35-4";NA
"98";"ketone";"4-octanone";"YWXLSHOWXZUMSR-UHFFFAOYSA-N";"11516";"589-63-9";NA
"99";"arom";"phenethyl alcohol";"WRMNZCZEMHIOCP-UHFFFAOYSA-N";"6054";"60-12-8";NA
"100";"arom";"benzyl alcohol";"WVDDGKGOMKODPV-UHFFFAOYSA-N";"244";"100-51-6";NA
"101";"arom";"methyl salicylate";"OSWPMRLSEDHDFF-UHFFFAOYSA-N";"4133";"119-36-8";0
"102";"arom";"methyl benzoate";"QPJVMBTYPHYUOC-UHFFFAOYSA-N";"7150";"93-58-3";NA
"103";"arom";"ethyl benzoate";"MTZQAGJQAFMTAQ-UHFFFAOYSA-N";"7165";"93-89-0";NA
"104";"arom";"phenethyl acetate";"MDHYEMXUFSJLGV-UHFFFAOYSA-N";"7654";"103-45-7";NA
"105";"arom";"benzaldehyde";"HUMNYLRZRPPJDN-UHFFFAOYSA-N";"240";"100-52-7";0
"106";"arom";"phenylacetaldehyde";"DTUQWGWMVIHBKE-UHFFFAOYSA-N";"998";"122-78-1";0
"107";"arom";"acetophenone";"KWOLFJPFCHCOCG-UHFFFAOYSA-N";"7410";"98-86-2";0
"108";"arom";"ethyl cinnamate";"KBEBGUQPQBELIU-CMDGGOBGSA-N";"637758";"103-36-6";NA
"109";"arom";"2-methylphenol";"QWVGKYWNOKOFNN-UHFFFAOYSA-N";"335";"95-48-7";NA
"110";"arom";"4-ethylguaiacol";"CHWNEIVBYREQRF-UHFFFAOYSA-N";"62465";"2785-89-9";NA
"111";"arom";"eugenol";"RRAFCDWBNXTKKO-UHFFFAOYSA-N";"3314";"97-53-0";NA
"112";"arom";"salicyl aldehyde";"SMQUZDBALVYZAC-UHFFFAOYSA-N";"6998";"90-02-8";NA
"113";"arom";"2-hydroxy-anisole";"LHGVFZTZFXWLCP-UHFFFAOYSA-N";"460";"90-05-1";NA
"114";"arom";"4-propenyl anisole";"RUVINXPYWBROJD-ONEGZZNKSA-N";"637563";"104-46-1";NA
"115";"arom";"4-methoxybenzaldehyde";"ZRSNZINYAWTAHE-UHFFFAOYSA-N";"31244";"123-11-5";NA
"116";"arom";"4-isopropylbenzaldehyde";"WTWBUQJHJGUZCY-UHFFFAOYSA-N";"326";"122-03-2";0
"117";"arom";"4-methoxybenzene";"RDOXTESZEPMUJZ-UHFFFAOYSA-N";"7519";"100-66-3";NA
"118";"arom";"4-allyl-1,2-dimethoxybenzene";"ZYEMGPIYFIJGTP-UHFFFAOYSA-N";"7127";"93-15-2";0
"119";"arom";"2,4,5-trimethoxy-1-propenylbenzene";"RKFAZBXYICVSKP-WAYWQWQTSA-N";"636822";"2883-98-9";NA
"120";"arom";"benzyl cyanide";"SUSQOBVLVYHIEX-UHFFFAOYSA-N";"8794";"140-29-4";NA
"121";"arom";"iso-eugenol";"BJIOGJUNALELMI-ONEGZZNKSA-N";"853433";"97-54-1";NA
"122";"arom";"4-methylphenol";"IWDCLRJOBJJRNH-UHFFFAOYSA-N";"2879";"106-44-5";0
"123";"arom";"4-ethylphenol";"HXDOZKJGKXYMEW-UHFFFAOYSA-N";"31242";"123-07-9";NA
"124";"arom";"2-propylphenol";"LCHYEKKJCUJAKN-UHFFFAOYSA-N";"12570";"644-35-9";NA
"125";"arom";"3-phenyl-2E-propenal";"KJPRLNWUNMBNBZ-QPJJXVBHSA-N";"637511";"14371-10-9";NA
"126";"arom";"benzonitrile";"JFDZBHWFFUWGJE-UHFFFAOYSA-N";"7505";"100-47-0";NA
"127";"arom";"methyl jasmonate";"GEWDNTWNSAZUDX-SNAWJCMRSA-N";"62388";"39924-52-2";NA
"128";"arom";"benzyl acetate";"QUKGYYKBILRGFE-UHFFFAOYSA-N";"8785";"140-11-4";NA
"129";"arom";"4-propylphenol";"KLSLBUSXWBJMEC-UHFFFAOYSA-N";"12580";"645-56-7";NA
"130";"arom";"3-methylphenol";"RLSSMJSEOOYNOY-UHFFFAOYSA-N";"342";"108-39-4";NA
"131";"arom";"2-ethylphenol";"IXQGCWUGDFDQMF-UHFFFAOYSA-N";"6997";"90-00-6";NA
"132";"arom";"benzoic acid";"WPYMKLBDIGXBTP-UHFFFAOYSA-N";"243";"65-85-0";NA
"133";"arom";"4hydroxy-3-methoxybenzaldehyde";"MWOOGOJBHIARFG-UHFFFAOYSA-N";"1183";"121-33-5";NA
"134";"alcohol";"methanol";"OKKJLVBELUTLKV-UHFFFAOYSA-N";"887";"67-56-1";NA
"135";"alcohol";"ethanol";"LFQSCWFLJHTTHZ-UHFFFAOYSA-N";"702";"64-17-5";NA
"136";"alcohol";"1-propanol";"BDERNNFJNOPAEC-UHFFFAOYSA-N";"1031";"71-23-8";NA
"137";"alcohol";"1-butanol";"LRHPLDYGYMQRHN-UHFFFAOYSA-N";"263";"71-36-3";0
"138";"alcohol";"1-pentanol";"AMQJEAYHLZJPGS-UHFFFAOYSA-N";"6276";"71-41-0";NA
"139";"alcohol";"1-hexanol";"ZSIAUFGUXNUGDI-UHFFFAOYSA-N";"8103";"111-27-3";0
"140";"alcohol";"1-octanol";"KBPLFHHGFOOTCA-UHFFFAOYSA-N";"957";"111-87-5";NA
"141";"alcohol";"2-octanol";"SJWFXCIHNDVPSH-UHFFFAOYSA-N";"20083";"123-96-6";NA
"142";"alcohol";"2-pentanol";"JYVLIDXNZAXMDK-UHFFFAOYSA-N";"22386";"6032-29-7";NA
"143";"alcohol";"3-methyl-butanol";"PHTQWCKDNZKARW-UHFFFAOYSA-N";"31260";"123-51-3";0
"144";"alcohol";"3-methyl-2-buten-1-ol";"ASUAYTHWZCLXAN-UHFFFAOYSA-N";"11173";"556-82-1";NA
"145";"alcohol";"1-penten-3-ol";"VHVMXWZXFBOANQ-UHFFFAOYSA-N";"12020";"616-25-1";NA
"146";"alcohol";"1-octen-3-ol";"VSMOENVRRABVKN-UHFFFAOYSA-N";"18827";"3391-86-4";0
"147";"alcohol";"E2-hexenol";"ZCHHRLHTBGRGOT-SNAWJCMRSA-N";"5318042";"928-95-0";0
"148";"alcohol";"Z2-hexenol";"ZCHHRLHTBGRGOT-PLNGDYQASA-N";"5324489";"928-94-9";NA
"149";"alcohol";"E3-hexenol";"UFLHIIWVXFIJGU-ONEGZZNKSA-N";"5284503";"928-97-2";NA
"150";"alcohol";"Z3-hexenol";"UFLHIIWVXFIJGU-ARJAWSKDSA-N";"5281167";"928-96-1";NA
"151";"alcohol";"glycerol";"PEDCQBHIVMGVHV-UHFFFAOYSA-N";"753";"56-81-5";NA
"152";"alcohol";"2,3-butanediol";"OWBTYPJTUOEWEK-ZXZARUISSA-N";"262";"513-85-9";NA
"153";"alcohol";"cyclohexanol";"HPXRVTGHNJAIIH-UHFFFAOYSA-N";"7966";"108-93-0";NA
"154";"alcohol";"decanol";"MWKFXSUHUHTGQN-UHFFFAOYSA-N";"8174";"112-30-1";NA
"155";"alcohol";"4-methylcyclohexanol";"MQWCXKGKQLNYQG-UHFFFAOYSA-N";"11524";"589-91-3";0
"156";"alcohol";"1-heptanol";"BBMCTIGTTCKYKF-UHFFFAOYSA-N";"8129";"111-70-6";NA
"157";"alcohol";"3-octanol";"NMRPBPVERJPACX-UHFFFAOYSA-N";"11527";"589-98-0";0
"158";"alcohol";"1-nonanol";"ZWRUINPWMLAQRD-UHFFFAOYSA-N";"8914";"143-08-8";NA
"159";"alcohol";"4-octanol";"WOFPPJOZXUTRAU-UHFFFAOYSA-N";"11515";"589-62-8";NA
"160";"alcohol";"2-heptanol";"CETWDUZRCINIHU-UHFFFAOYSA-N";"10976";"543-49-7";NA
"161";"alcohol";"2-hexanol";"QNVRIHYSUZMSGM-UHFFFAOYSA-N";"12297";"626-93-7";NA
"162";"alcohol";"3-hexanol";"ZOCHHNOQQHDWHG-UHFFFAOYSA-N";"12178";"623-37-0";NA
"163";"alcohol";"1-hexen-3-ol";"BVOSSZSHBZQJOI-UHFFFAOYSA-N";"20928";"4798-44-1";NA
"164";"alcohol";"isobutyl alcohol";"ZXEKIIBDNHEJCQ-UHFFFAOYSA-N";"6560";"78-83-1";NA
"165";"ester";"methyl acetate";"KXKVLQRXCPHEJC-UHFFFAOYSA-N";"6584";"79-20-9";NA
"166";"ester";"ethyl acetate";"XEKOWRVHYACXOJ-UHFFFAOYSA-N";"8857";"141-78-6";0
"167";"ester";"propyl acetate";"YKYONYBAUNKHLG-UHFFFAOYSA-N";"7997";"109-60-4";NA
"168";"ester";"butyl acetate";"DKPFZGUDAPQIHT-UHFFFAOYSA-N";"31272";"123-86-4";NA
"169";"ester";"pentyl acetate";"PGMYKACGEOXYJE-UHFFFAOYSA-N";"12348";"628-63-7";0
"170";"ester";"hexyl acetate";"AOGQPLXWSUTHQB-UHFFFAOYSA-N";"8908";"142-92-7";NA
"171";"ester";"isobutyl acetate";"GJRQTCIYDGXPES-UHFFFAOYSA-N";"8038";"110-19-0";NA
"172";"ester";"isopentyl acetate";"MLFHJEHSLIIPHL-UHFFFAOYSA-N";"31276";"123-92-2";0
"173";"ester";"E2-hexenyl acetate";"HRHOWZHRCRZVCU-WAYWQWQTSA-N";"2733294";"2497-18-9";0
"174";"ester";"methyl butyrate";"UUIQMZJEGPQKFD-UHFFFAOYSA-N";"12180";"623-42-7";NA
"175";"ester";"ethyl butyrate";"OBNCKNCVKJNDBV-UHFFFAOYSA-N";"7762";"105-54-4";0
"176";"ester";"hexyl butyrate";"XAPCMTMQBXLDBB-UHFFFAOYSA-N";"17525";"2639-63-6";NA
"177";"ester";"ethyl 3-hydroxybutyrate";"OMSUIQOIVADKIM-UHFFFAOYSA-N";"62572";"5405-41-4";NA
"178";"ester";"ethyl propionate";"FKRCODPIKNYEAC-UHFFFAOYSA-N";"7749";"105-37-3";0
"179";"ester";"ethyl methanoate";"WBJINCZRORDGAQ-UHFFFAOYSA-N";"8025";"109-94-4";NA
"180";"ester";"methyl hexanoate";"NUKZAGXMHTUAFE-UHFFFAOYSA-N";"7824";"106-70-7";NA
"181";"ester";"ethyl hexanoate";"SHZIWNPUGXLXDT-UHFFFAOYSA-N";"31265";"123-66-0";NA
"182";"ester";"hexyl hexanoate";"NCDCLPBOMHPFCV-UHFFFAOYSA-N";"22873";"6378-65-0";NA
"183";"ester";"methyl octanoate";"JGHZJRVDZXSNKQ-UHFFFAOYSA-N";"8091";"111-11-5";NA
"184";"ester";"ethyl octanoate";"YYZUSRORWSJGET-UHFFFAOYSA-N";"7799";"106-32-1";NA
"185";"ester";"ethyl decanoate";"RGXWDWUGBIJHDO-UHFFFAOYSA-N";"8048";"110-38-3";NA
"186";"ester";"ethyl trans-2-butenoate";"ZFDIRQKJPRINOQ-HWKANZROSA-N";"429065";"623-70-1";NA
"187";"ester";"ethyl lactate";"LZCLXQDLBQLTDK-UHFFFAOYSA-N";"92831";"97-64-3";NA
"188";"ester";"diethyl succinate";"DKMROQRQHGEIOW-UHFFFAOYSA-N";"31249";"123-25-1";NA
"189";"ester";"octyl acetate";"YLYBTZIQSIBWLI-UHFFFAOYSA-N";"8164";"112-14-1";NA
"190";"ester";"decyl acetate";"NUPSHWCALHZGOV-UHFFFAOYSA-N";"8167";"112-17-4";NA
"191";"ester";"methyl propionate";"RJUFJBKOKNCXHH-UHFFFAOYSA-N";"11124";"554-12-1";NA
"192";"ester";"propyl butanoate";"HUAZGNHGCJGYNP-UHFFFAOYSA-N";"7770";"105-66-8";NA
"193";"ester";"propyl pentanoate";"ROJKPKOYARNFNB-UHFFFAOYSA-N";"67328";"141-06-0";NA
"194";"ester";"butyl hexanoate";"RPRPDTXKGSIXMD-UHFFFAOYSA-N";"12294";"626-82-4";NA
"195";"N ring";"indole";"SIKJAQJRHWYJAI-UHFFFAOYSA-N";"798";"120-72-9";0
"196";"ester";"Z11-hexdecenyl acetate";"BTKXLQSCEOHKTF-SREVYHEPSA-N";"5364711";"34010-21-4";NA
"197";"ester";"2-methyl butyl acetate";"XHIUFYZDQBSEMF-UHFFFAOYSA-N";"12209";"624-41-9";NA
"198";"ester";"propyl propionate";"MCSINKKTEDDPNK-UHFFFAOYSA-N";"7803";"106-36-5";NA
"199";"ester";"sec-amyl acetate";"GQKZRWSUJHVIPE-UHFFFAOYSA-N";"12278";"626-38-0";NA
"200";"ester";"ethyl (R)-(-)-3-hydroxybutanoate";"OMSUIQOIVADKIM-RXMQYKEDSA-N";"440030";"24915-95-5";NA
"201";"ester";"ethyl (S)-(+)-3-hydroxybutanoate";"OMSUIQOIVADKIM-YFKPBYRVSA-N";"6950306";"56816-01-4";NA
"202";"ester";"ethyl 2-methylbutanoate";"HCRBXQFHJMCTLF-UHFFFAOYSA-N";"24020";"7452-79-1";0
"203";"ester";"butyl butanoate";"XUPYJHCZDLZNFP-UHFFFAOYSA-N";"7983";"109-21-7";NA
"204";"ester";"methyl pentanoate";"HNBDRPTVWVGKBR-UHFFFAOYSA-N";"12206";"624-24-8";NA
"205";"ester";"ethyl pentanoate";"ICMAFTSLXCXHRK-UHFFFAOYSA-N";"10882";"539-82-2";NA
"206";"ester";"methyl 3-hydroxy hexanoate";"ACCRBMDJCPPJDX-UHFFFAOYSA-N";"519845";"21188-58-9";NA
"207";"ester";"ethyl 3-hydroxyhexanoate";"LYRIITRHDCNUHV-UHFFFAOYSA-N";"61293";"2305-25-1";NA
"208";"ester";"propyl hexanoate";"HTUIWRWYYVBCFT-UHFFFAOYSA-N";"12293";"626-77-7";NA
"209";"ester";"methyl heptanoate";"XNCNNDVCAUWAIT-UHFFFAOYSA-N";"7826";"106-73-0";NA
"210";"ester";"ethyl heptanoate";"TVQGDYNRXLTQAP-UHFFFAOYSA-N";"7797";"106-30-9";NA
"211";"ester";"isoamyl tiglate";"ZARFDQHJMNVNLE-WEVVVXLNSA-N";"5463682";"41519-18-0";NA
"212";"ester";"isopropyl butyrate";"FFOPEPMHKILNIT-UHFFFAOYSA-N";"61184";"638-11-9";NA
"213";"ester";"methyl tiglate";"YYJWBYNQJLBIGS-PLNGDYQASA-N";"5323652";"6622-76-0";NA
"214";"ester";"ethyl 2-methyl-2E-butenoate";"OAPHLAAOJMTMLY-GQCTYLIASA-N";"5281163";"5837-78-5";NA
"215";"ester";"isopropyl tiglate";"QQVQBUXUAZCLLZ-UHFFFAOYSA-N";"5367745";"1733-25-1";NA
"216";"ester";"ethyl isovalerate";"PPXUHEORWJQRHJ-UHFFFAOYSA-N";"7945";"108-64-5";NA
"217";"ester";"heptyl acetate";"ZCZSIDMEHXZRLG-UHFFFAOYSA-N";"8159";"112-06-1";NA
"218";"ester";"Z3-hexenyl acetate";"NPFVOOAXDOBMCE-PLNGDYQASA-N";"5363388";"3681-71-8";NA
"219";"ester";"hexyl methanoate";"OUGPMNMLWKSBRI-UHFFFAOYSA-N";"61177";"629-33-4";NA
"220";"ester";"butyl heptanoate";"YPQSPODHFDGVAC-UHFFFAOYSA-N";"21596";"5454-28-4";NA
"221";"ester";"nonyl acetate";"GJQIMXVRFNLMTB-UHFFFAOYSA-N";"8918";"143-13-5";NA
"222";"ester";"propyl heptanoate";"UWZVPQKWYFZLLW-UHFFFAOYSA-N";"229377";"7778-87-2";NA
"223";"ester";"butyl valerate";"OKJADYKTJJGKDX-UHFFFAOYSA-N";"61137";"591-68-4";NA
"224";"ester";"butyl propanoate";"BTMVHUNTONAYDX-UHFFFAOYSA-N";"11529";"590-01-2";NA
"225";"O ring";"acetyl furan";"IEMMBWWQXVXBEU-UHFFFAOYSA-N";"14505";"1192-62-7";NA
"226";"O ring";"beta-butyrolactone";"GSCLMSFRWBPUSK-UHFFFAOYSA-N";"18303";"3068-88-0";NA
"227";"O ring";"gamma-valerolactone";"GAEKPEKOJKCEMS-UHFFFAOYSA-N";"7921";"108-29-2";0
"228";"O ring";"4-hydroxy-2,5-dimethyl-3(2H)-furanone";"INAXVXBDKKUCGI-UHFFFAOYSA-N";"19309";"3658-77-3";NA
"229";"O ring";"gamma-pentyl-gamma-butyrolactone";"OALYTRUKMRCXNH-QMMMGPOBSA-N";"441574";"63357-97-1";NA
"230";"O ring";"gamma-propyl-gamma-butyrolactone";"VLSVVMPLPMNWBH-UHFFFAOYSA-N";"7742";"105-21-5";NA
"231";"other";"oil";"solvent";"solvent";"solvent";NA
"232";"other";"heptane";"IMNFDUFMRHMDMM-UHFFFAOYSA-N";"8900";"142-82-5";NA
"233";"other";"octane";"TVMXDCGIABBOFY-UHFFFAOYSA-N";"356";"111-65-9";NA
"234";"other";"nonane";"BKIMMITUMNQMOS-UHFFFAOYSA-N";"8141";"111-84-2";NA
"235";"other";"carbon dioxide";"CURLTUGMZLYLDI-UHFFFAOYSA-N";"280";"124-38-9";0
"236";"N ring";"2-isobutyl-3-methoxypyrazine";"UXFSPRAGHGMRSQ-UHFFFAOYSA-N";"32594";"24683-00-9";0
"237";"N ring";"pyrrolidine";"FCLZCOCSZQNREK-UHFFFAOYSA-N";"31268";"123-75-1";0
"238";"other";"11-cis Vaccenyl Acetate";"QSZKEDWVAOAFQY-HJWRWDBZSA-N";"5363286";"6186-98-7";NA
"239";"alcohol";"oleyl alcohol";"ALSTYHKOOCGGFT-KTKRTIGZSA-N";"5284499";"143-28-2";NA
"240";"alcohol";"cis-vaccenyl alcohol";"UWHZIFQPPBDJPM-BQYQJAHWSA-N";"5281127";"62972-93-4";NA
"241";"ester";"oleyl acetate";"GYGAZRPDUOHMAF-KHPPLWFESA-N";"5363289";"693-80-1";NA
"242";"acid";"cis-vaccenic acid";"UWHZIFQPPBDJPM-FPLPWBNLSA-N";"5282761";"506-17-2";NA
"243";"other";"trans-methyl vaccenate";"PVVODBCDJBGMJL-CMDGGOBGSA-N";"5364432";"6198-58-9";NA
"244";"other";"hexane";"VLKZOEOYAKHREP-UHFFFAOYSA-N";"8058";"110-54-3";NA
"245";"O ring";"thymol";"MGSRCZKZVOBKFT-UHFFFAOYSA-N";"6989";"89-83-8";NA
"246";"O ring";"benzophenone";"RWCCWEUUXYIKHB-UHFFFAOYSA-N";"3102";"119-61-9";NA
"247";"alcohol";"isopropyl alcohol";"KFZMGEQAYNKOFK-UHFFFAOYSA-N";"3776";"67-63-0";NA
"248";"other";"methional";"CLUWOWRTHNNBBU-UHFFFAOYSA-N";"18635";"3268-49-3";NA
"249";"O ring";"menthol";"NOOLISFMXDJSKH-KXUCPTDWSA-N";"16666";"89-78-1";NA
