"Class";"Name";"CID";"CAS";"InChI";"InChIKey";"SMILES";"Code";"Formula";"MW";"BP";"MP";"HLC";"EG";"EC";"HBD";"HBA";"RotB";"TPSA";"Volume";"VP.25";"pKa.25"
"1";NA;"SFR";"SFR";"SFR";"SFR";"SFR";"SFR";NA;NA;NA;NA;NA;NA;NA;NA;NA;NA;NA;NA;NA;NA;NA
"2";"other";"water";"962";"7732-18-5";"InChI=1S/H2O/h1H2";"InChIKey=XLYOFNOQVPJJNP-UHFFFAOYSA-N";"O";"";"H2O";18.02;100;0;NA;-241.8;-285.8;1;1;0;1;20.12;23.54;NA
"3";"amine";"ammonium hydroxide";"14923";"1336-21-6";"InChI=1S/H3N.H2O/h1H3;1H2";"InChIKey=VHUUQVKOLVNVRT-UHFFFAOYSA-N";"[OH-].[NH4+]";"";"H5NO";35.05;NA;NA;NA;NA;NA;2;1;0;2;NA;NA;NA
"4";"amine";"putrescine";"1045";"110-60-1";"InChI=1S/C4H12N2/c5-3-1-2-4-6/h1-6H2";"InChIKey=KIDHWZJUCRJVML-UHFFFAOYSA-N";"C(CCN)CN";"";"C4H12N2";88.15;158;25;1.82e-09;NA;NA;2;2;3;52;98.57;NA;NA
"5";"amine";"cadaverine";"273";"462-94-2";"InChI=1S/C5H14N2/c6-4-2-1-3-5-7/h1-7H2";"InChIKey=VHRGRCVQAFMJIZ-UHFFFAOYSA-N";"C(CCN)CCN";"";"C5H14N2";102.18;178;14;NA;NA;NA;2;2;4;52;116.48;4.12;10.8
"6";"amine";"ammonia";"222";"7664-41-7";"InChI=1S/H3N/h1H3";"InChIKey=QGZKDVFQNNGYKY-UHFFFAOYSA-N";"N";"";"H3N";17.03;-33;-78;NA;-45.94;NA;1;1;0;1;13.33;7424.2;NA
"7";"amine";"ethanolamine";"700";"141-43-5";"InChI=1S/C2H7NO/c3-1-2-4/h4H,1-3H2";"InChIKey=HZAXFHJVJLSVMW-UHFFFAOYSA-N";"C(CO)N";"";"C2H7NO";61.08;170;10;3.25e-08;NA;-507.5;2;2;1;46.3;60.69;0.4;9.5
"8";"amine";"heptylamine";"8127";"111-68-2";"InChI=1S/C7H17N/c1-2-3-4-5-6-7-8/h2-8H2,1H3";"InChIKey=WJYIASZWHGOTOU-UHFFFAOYSA-N";"C(CCCC)CCN";"";"C7H17N";115.22;154;-18;4.15e-05;NA;-266;1;1;5;26;142.25;2.74;10.66
"9";"amine";"isoamylamine";"7894";"107-85-7";"InChI=1S/C5H13N/c1-5(2)3-4-6/h5H,3-4,6H2,1-2H3";"InChIKey=BMFVGAAISNGQNM-UHFFFAOYSA-N";"C(C(C)C)CN";"";"C5H13N";87.16;95;-60;NA;NA;-210;1;1;2;26;103.75;NA;NA
"10";"amine";"dimethylamine";"674";"124-40-3";"InChI=1S/C2H7N/c1-3-2/h3H,1-2H3";"InChIKey=ROSDSFDQCJNGOL-UHFFFAOYSA-N";"CNC";"";"C2H7N";45.08;7;-93;1.77e-05;-19;-45;1;1;0;12;53.39;NA;NA
"11";"O ring";"gamma-butyrolactone";"7302";"96-48-0";"InChI=1S/C4H6O2/c5-4-2-1-3-6-4/h1-3H2";"InChIKey=YEJRWHAVMIAJKC-UHFFFAOYSA-N";"O=C1CCCO1";"";"C4H6O2";86.09;204;-45;5.27e-08;-364;-419;0;2;0;26.3;87.6;0.45;NA
"12";"O ring";"gamma-hexalactone";"12756";"695-06-7";"InChI=1S/C6H10O2/c1-2-5-3-4-6(7)8-5/h5H,2-4H2,1H3";"InChIKey=JBFHTYHTHYHCDJ-UHFFFAOYSA-N";"C(C1OC(=O)CC1)C";"";"C6H10O2";114.14;219;-18;NA;NA;NA;0;2;1;26.3;123.96;NA;NA
"13";"O ring";"gamma-octalactone";"7704";"104-50-7";"InChI=1S/C8H14O2/c1-2-3-4-7-5-6-8(9)10-7/h7H,2-6H2,1H3";"InChIKey=IPBFYZQJXZJBFQ-UHFFFAOYSA-N";"C(C1CCC(O1)=O)CCC";"";"C8H14O2";142.2;234;NA;NA;NA;NA;0;2;3;26.3;159.72;NA;NA
"14";"O ring";"gamma-decalactone";"12813";"706-14-9";"InChI=1S/C10H18O2/c1-2-3-4-5-6-9-7-8-10(11)12-9/h9H,2-8H2,1H3";"InChIKey=IFYYFLINQYPWGJ-UHFFFAOYSA-N";"C(C1OC(=O)CC1)CCCCC";"";"C10H18O2";170.25;281;NA;0.000562;-496;-559;0;2;5;26.3;195.53;0.01;NA
"15";"O ring";"delta-decalactone";"12810";"705-86-2";"InChI=1S/C10H18O2/c1-2-3-4-6-9-7-5-8-10(11)12-9/h9H,2-8H2,1H3";"InChIKey=GHBSPIPJMLAMEP-UHFFFAOYSA-N";"C(C1OC(CCC1)=O)CCCC";"";"C10H18O2";170.25;117;-27;NA;NA;NA;0;2;4;26.3;194.63;NA;NA
"16";"acid";"methanoic acid";"284";"64-18-6";"InChI=1S/CH2O2/c2-1-3/h1H,(H,2,3)";"InChIKey=BDAGIHXWWSANSR-UHFFFAOYSA-N";"O=CO";"";"CH2O2";46.01;100;8.2;1.67e-07;-378.6;-425.09;1;2;0;37.3;36.86;42.6;3.75
"17";"acid";"acetic acid";"176";"64-19-7";"InChI=1S/C2H4O2/c1-2(3)4/h1H3,(H,3,4)";"InChIKey=QTBSBXVTEAMEQO-UHFFFAOYSA-N";"CC(O)=O";"EtaS";"C2H4O2";60.05;117;16.2;1e-07;NA;-483.52;1;2;0;37.3;55.57;15.7;4.76
"18";"acid";"propanoic acid";"1032";"79-09-4";"InChI=1S/C3H6O2/c1-2-3(4)5/h2H2,1H3,(H,4,5)";"InChIKey=XBDQKXXYIPTUBI-UHFFFAOYSA-N";"C(C(O)=O)C";"ProS";"C3H6O2";74.08;141;-24;4.45e-07;NA;-510.8;1;2;1;37.3;73.58;3.53;4.88
"19";"acid";"butyric acid";"264";"107-92-6";"InChI=1S/C4H8O2/c1-2-3-4(5)6/h2-3H2,1H3,(H,5,6)";"InChIKey=FERIUCNNQQJTOY-UHFFFAOYSA-N";"C(C(O)=O)CC";"ButS";"C4H8O2";88.11;162;-6;5.35e-07;NA;-533.92;1;2;2;37.3;91.05;1.65;4.82
"20";"acid";"pentanoic acid";"7991";"109-52-4";"InChI=1S/C5H10O2/c1-2-3-4-5(6)7/h2-4H2,1H3,(H,6,7)";"InChIKey=NQPDZGIKBAWPEJ-UHFFFAOYSA-N";"C(C(=O)O)CCC";"PenS";"C5H10O2";102.13;110;-20;4.72e-07;NA;-560.24;1;2;3;37.3;108.96;0.2;4.84
"21";"acid";"hexanoic acid";"8892";"142-62-1";"InChI=1S/C6H12O2/c1-2-3-4-5-6(7)8/h2-5H2,1H3,(H,7,8)";"InChIKey=FUZZWVXGSFPDMH-UHFFFAOYSA-N";"C(C(O)=O)CCCC";"HexS";"C6H12O2";116.16;202;-4;7.58e-07;-513;-581.8;1;2;4;37.3;126.86;0.04;4.88
"22";"acid";"heptanoic acid";"8094";"111-14-8";"InChI=1S/C7H14O2/c1-2-3-4-5-6-7(8)9/h2-6H2,1H3,(H,8,9)";"InChIKey=MNWFXJYAOYHMED-UHFFFAOYSA-N";"C(CCCCC)C(O)=O";"HepS";"C7H14O2";130.18;223;-10.5;6.5e-07;NA;-611.49;1;2;5;37.3;144.77;0.01;4.8
"23";"acid";"octanoic acid";"379";"124-07-2";"InChI=1S/C8H16O2/c1-2-3-4-5-6-7-8(9)10/h2-7H2,1H3,(H,9,10)";"InChIKey=WWZKQHOCKIZLMA-UHFFFAOYSA-N";"C(CCCCC)CC(=O)O";"OctS";"C8H16O2";144.21;237;15;NA;NA;-636.89;1;2;6;37.3;162.68;0;NA
"24";"acid";"nonanoic acid";"8158";"112-05-0";"InChI=1S/C9H18O2/c1-2-3-4-5-6-7-8-9(10)11/h2-8H2,1H3,(H,10,11)";"InChIKey=FBUKVWPVBMHYJY-UHFFFAOYSA-N";"C(C)CCCCCCC(O)=O";"NonS";"C9H18O2";158.24;268;9;1.62e-06;NA;-661.91;1;2;7;37.3;180.58;0;4.95
"25";"acid";"linoleic acid";"5280450";"60-33-3";"InChI=1S/C18H32O2/c1-2-3-4-5-6-7-8-9-10-11-12-13-14-15-16-17-18(19)20/h6-7,9-10H,2-5,8,11-17H2,1H3,(H,19,20)/b7-6-,10-9-";"InChIKey=OYHQOLUKZRVURQ-HZJYTTRNSA-N";"C(C(=O)O)CCCCCC\C=C/C/C=C\CCCCC";"";"C18H32O2";280.45;229;-5;5.11e-06;NA;-634.7;1;2;14;37.3;353.96;NA;4.77
"26";"acid";"isobutyric acid";"6590";"79-31-2";"InChI=1S/C4H8O2/c1-3(2)4(5)6/h3H,1-2H3,(H,5,6)";"InChIKey=KQNPFQTWMSNSAP-UHFFFAOYSA-N";"CC(C(O)=O)C";"MPrS";"C4H8O2";88.11;153;-47;8.85e-07;NA;NA;1;2;1;37.3;88.91;1.81;4.84
"27";"acid";"isopentanoic acid";"10430";"503-74-2";"InChI=1S/C5H10O2/c1-4(2)3-5(6)7/h4H,3H2,1-2H3,(H,6,7)";"InChIKey=GWYFCOCPABKNJV-UHFFFAOYSA-N";"C(C(C)C)C(O)=O";"IPeS";"C5H10O2";102.13;175;-29;8.33e-07;NA;-561.6;1;2;2;37.3;105.34;0.44;4.77
"28";"acid";"pyruvic acid";"1060";"127-17-3";"InChI=1S/C3H4O3/c1-2(4)3(5)6/h1H3,(H,5,6)";"InChIKey=LCTONWCANYUPML-UHFFFAOYSA-N";"CC(C(=O)O)=O";"";"C3H4O3";88.06;165;11;3.23e-09;NA;-586.85;1;3;1;54.4;81.86;1.29;2.45
"29";"acid";"2-ethylhexanoic acid";"8697";"149-57-5";"InChI=1S/C8H16O2/c1-3-5-6-7(4-2)8(9)10/h7H,3-6H2,1-2H3,(H,9,10)";"InChIKey=OBETXYAYXDNJHR-UHFFFAOYSA-N";"C(C(C(=O)O)CC)CCC";"";"C8H16O2";144.21;228;-59;2.85e-06;-559.5;-635.1;1;2;5;37.3;160.14;0.03;NA
"30";"acid";"lactic acid";"612";"50-21-5";"InChI=1S/C3H6O3/c1-2(4)3(5)6/h2,4H,1H3,(H,5,6)";"InChIKey=JVTAAEKCZFNVCJ-UHFFFAOYSA-N";"CC(C(=O)O)O";"";"C3H6O3";90.08;122;18;1.13e-07;NA;-675.21;2;3;1;57.5;79.28;0.08;3.86
"31";"sulfid";"3-methylthio-1-propanol";"10448";"505-10-2";"InChI=1S/C4H10OS/c1-6-4-2-3-5/h5H,2-4H2,1H3";"InChIKey=CZUGFKJYCPYHHV-UHFFFAOYSA-N";"C(CCO)SC";"";"C4H10OS";106.19;NA;NA;NA;NA;NA;1;1;3;20.2;104.89;NA;NA
"32";"sulfid";"dimethyl sulfide";"1068";"75-18-3";"InChI=1S/C2H6S/c1-3-2/h1-2H3";"InChIKey=QMMFVYPAHWMCMS-UHFFFAOYSA-N";"CSC";"";"C2H6S";62.13;38;-98;0.00161;-37.5;-65.4;0;0;0;0;54.94;502;NA
"33";"sulfid";"dipropyldisulphide";"12377";"629-19-6";"InChI=1S/C6H14S2/c1-3-5-7-8-6-4-2/h3-6H2,1-2H3";"InChIKey=ALVPFGSHPUPROW-UHFFFAOYSA-N";"C(SSCCC)CC";"";"C6H14S2";150.31;195;-86;0.00377;-117.3;-171.5;0;0;5;0;151.15;0.51;NA
"34";"sulfid";"propanethiol";"7848";"107-03-9";"InChI=1S/C3H8S/c1-2-3-4/h4H,2-3H2,1H3";"InChIKey=SUVIGLJNEAMWEG-UHFFFAOYSA-N";"C(CC)S";"";"C3H8S";76.16;67;-113;0.00812;-68.58;-100.6;0;0;1;0;75.66;154;NA
"35";"terpene";"terpinolene";"11463";"586-62-9";"InChI=1S/C10H16/c1-8(2)10-6-4-9(3)5-7-10/h4H,5-7H2,1-3H3";"InChIKey=MOYAFQVGZZPNRA-UHFFFAOYSA-N";"CC(=C1CC=C(CC1)C)C";"";"C10H16";136.23;184;NA;14;NA;NA;0;0;0;0;203.43;0.45;NA
"36";"terpene";"alpha-pinene";"6654";"80-56-8";"InChI=1S/C10H16/c1-7-4-5-8-6-9(7)10(8,2)3/h4,8-9H,5-6H2,1-3H3";"InChIKey=GRWFGVWFFZKLTI-UHFFFAOYSA-N";"CC1(C2CC1CC=C2C)C";"";"C10H16";136.23;155;-64;294;NA;-16.4;0;0;0;0;200.77;4.75;NA
"37";"terpene";"beta-pinene";"14896";"127-91-3";"InChI=1S/C10H16/c1-7-4-5-8-6-9(7)10(8,2)3/h8-9H,1,4-6H2,2-3H3";"InChIKey=WTARULDDTDQWMU-UHFFFAOYSA-N";"CC1(C2CC1CCC2=C)C";"";"C10H16";136.23;164;-61.5;161;NA;-7.66;0;0;0;0;194.46;2.93;NA
"38";"terpene";"3-carene";"443156";"13466-78-9";"InChI=1S/C10H16/c1-7-4-5-8-9(6-7)10(8,2)3/h4,8-9H,5-6H2,1-3H3";"InChIKey=BQOFWKZOCNGFEC-UHFFFAOYSA-N";"CC1(C2C1CC=C(C2)C)C";"";"C10H16";136.23;168;23;107;19;-29.5;0;0;0;0;202.08;3.72;NA
"39";"terpene";"limonene";"22311";"138-86-3";"InChI=1S/C10H16/c1-8(2)10-6-4-9(3)5-7-10/h4,10H,1,5-7H2,2-3H3";"InChIKey=XMGQYMWWDOXHJM-UHFFFAOYSA-N";"CC(C1CC=C(CC1)C)=C";"";"C10H16";136.23;170;-95;32;NA;-93.3;0;0;0;1;195.06;1.55;NA
"40";"terpene";"alpha-humulene";"5281520";"6753-98-6";"InChI=1S/C15H24/c1-13-7-5-8-14(2)10-12-15(3,4)11-6-9-13/h6-7,10-11H,5,8-9,12H2,1-4H3/b11-6+,13-7+,14-10+";"InChIKey=FAMPSKZZVDUYOS-HRGUGZIWSA-N";"CC\1(C\C=C(CC\C=C(C/C=C1)/C)/C)C";"";"C15H24";204.35;166;NA;NA;NA;NA;0;0;0;0;312.62;NA;NA
"41";"terpene";"beta-myrcene";"31253";"123-35-3";"InChI=1S/C10H16/c1-5-10(4)8-6-7-9(2)3/h5,7H,1,4,6,8H2,2-3H3";"InChIKey=UAHWPYUMFXYFJY-UHFFFAOYSA-N";"C(C=C(C)C)CC(C=C)=C";"";"C10H16";136.23;167;-10;64;NA;14.5;0;0;0;4;203.76;2.01;NA
"42";"terpene";"(-)-trans-caryophyllene";"5281515";"87-44-5";"InChI=1S/C15H24/c1-11-6-5-7-12(2)13-10-15(3,4)14(13)9-8-11/h6,13-14H,2,5,7-10H2,1,3-4H3/b11-6+/t13-,14-/m1/s1";"InChIKey=NPNUFJAVOOONJE-GFUGXAQUSA-N";"[C@H]12C(C[C@@H]1C(CC\C=C(CC2)/C)=C)(C)C";"CaPT";"C15H24";204.35;262;NA;NA;NA;NA;0;0;0;0;355.4;NA;NA
"43";"terpene";"p-cymene";"7463";"99-87-6";"InChI=1S/C10H14/c1-8(2)10-6-4-9(3)5-7-10/h4-8H,1-3H3";"InChIKey=HFPZCAJZSCWRBC-UHFFFAOYSA-N";"C1=C(C(C)C)C=CC(=C1)C";"";"C10H14";134.22;176;-68.9;11;NA;-78;0;0;1;0;149.9;1.46;NA
"44";"terpene";"geranyl acetate";"1549026";"105-87-3";"InChI=1S/C12H20O2/c1-10(2)6-5-7-11(3)8-9-14-12(4)13/h6,8H,5,7,9H2,1-4H3/b11-8+";"InChIKey=HIGQPQRQIQDZMP-DHZHZOJOSA-N";"C(\C(=C\COC(C)=O)C)CC=C(C)C";"GeST";"C12H20O2";196292;228;NA;0.00242;NA;NA;0;2;6;26.3;257.82;NA;NA
"45";"terpene";"alpha-terpineol";"443162";"10482-56-1";"InChI=1S/C10H18O/c1-8-4-6-9(7-5-8)10(2,3)11/h4,9,11H,5-7H2,1-3H3/t9-/m1/s1";"InChIKey=WUOACPNHFRMFPN-SECBINFHSA-N";"[C@@H]1(C(O)(C)C)CC=C(CC1)C";"TerT";"C10H18O";154.25;217;31;1.58e-05;NA;NA;1;1;1;20.2;205.6;NA;NA
"46";"terpene";"geraniol";"637566";"106-24-1";"InChI=1S/C10H18O/c1-9(2)5-4-6-10(3)7-8-11/h5,7,11H,4,6,8H2,1-3H3/b10-7+";"InChIKey=GLZPCOQZEFWAFX-JXMROGBWSA-N";"C(\C(=C\CO)C)CC=C(C)C";"GerT";"C10H18O";154.25;229;-15;5.89e-05;NA;NA;1;1;4;20.2;210.16;NA;NA
"47";"terpene";"nerol";"643820";"106-25-2";"InChI=1S/C10H18O/c1-9(2)5-4-6-10(3)7-8-11/h5,7,11H,4,6,8H2,1-3H3/b10-7-";"InChIKey=GLZPCOQZEFWAFX-YFHOEESVSA-N";"C(\C(=C/CO)C)CC=C(C)C";"";"C10H18O";154.25;225;NA;1.15e-05;NA;NA;1;1;4;20.2;210.16;NA;NA
"48";"terpene";"linalool";"6549";"78-70-6";"InChI=1S/C10H18O/c1-5-10(4,11)8-6-7-9(2)3/h5,7,11H,1,6,8H2,2-4H3";"InChIKey=CDOSHBSSFJOMGT-UHFFFAOYSA-N";"C(C(C=C)(C)O)CC=C(C)C";"LINT";"C10H18O";154.25;194;NA;2.15e-05;NA;NA;1;1;4;20.2;217.74;0.16;NA
"49";"terpene";"beta-citronellol";"8842";"106-22-9";"InChI=1S/C10H20O/c1-9(2)5-4-6-10(3)7-8-11/h5,10-11H,4,6-8H2,1-3H3/t10-/m1/s1";"InChIKey=QMVPMAAFGQKVCJ-SNVBAGLBSA-N";"[C@@H](CCC=C(C)C)(CCO)C";"CiLT";"C10H20O";156.27;222;NA;5.68e-05;NA;NA;1;1;5;20.2;199.03;NA;NA
"50";"terpene";"linalool oxide";"22310";"60047-17-8";"InChI=1S/C10H18O2/c1-5-10(4)7-6-8(12-10)9(2,3)11/h5,8,11H,1,6-7H2,2-4H3";"InChIKey=BRHDDEIRQPDPMG-UHFFFAOYSA-N";"CC(C1CCC(O1)(C=C)C)(C)O";"";"C10H18O2";170.25;193;NA;NA;NA;NA;1;2;2;29.5;216.63;NA;NA
"51";"terpene";"(R)-(-)-carvone";"439570";"6485-40-1";"InChI=1S/C10H14O/c1-7(2)9-5-4-8(3)10(11)6-9/h4,9H,1,5-6H2,2-3H3/t9-/m1/s1";"InChIKey=ULDHMXUKGWMISQ-SECBINFHSA-N";"[C@@H]1(CC(=O)C(=CC1)C)C(=C)C";"CaRT";"C10H14O";150.22;227;NA;7.73e-05;NA;NA;0;1;1;17.1;206.18;NA;NA
"52";"terpene";"(S)-(+)-carvone";"16724";"2244-16-8";"InChI=1S/C10H14O/c1-7(2)9-5-4-8(3)10(11)6-9/h4,9H,1,5-6H2,2-3H3/t9-/m0/s1";"InChIKey=ULDHMXUKGWMISQ-VIFPVBQESA-N";"[C@@H]1(C(C)=C)CC(C(=CC1)C)=O";"CaST";"C10H14O";150.22;231;88.9;NA;NA;NA;0;1;1;17.1;206.18;NA;NA
"53";"terpene";"1,8-cineole";"2758";"470-82-6";"InChI=1S/C10H18O/c1-9(2)8-4-6-10(3,11-9)7-5-8/h8H,4-7H2,1-3H3/t8-,10+";"InChIKey=WEEGYLXZBRQIMU-WAAGHKOSSA-N";"C12(OC(C(CC1)CC2)(C)C)C";"CinT";"C10H18O";154.25;176;1;0.00011;NA;NA;0;1;0;9.2;202.66;1.9;NA
"54";"terpene";"1,4-cineol";"10106";"470-67-7";"InChI=1S/C10H18O/c1-8(2)10-6-4-9(3,11-10)5-7-10/h8H,4-7H2,1-3H3";"InChIKey=RFFOTVCVTJUTAD-UHFFFAOYSA-N";"CC12CCC(C(C)C)(CC1)O2";"Ci4T";"C10H18O";154.25;172;-46;0.000204;NA;NA;0;1;1;9.2;205.07;1.93;NA
"55";"terpene";"citral";"638011";"5392-40-5";"InChI=1S/C10H16O/c1-9(2)5-4-6-10(3)7-8-11/h5,7-8H,4,6H2,1-3H3/b10-7+";"InChIKey=WTEVQBCEXWBHNA-JXMROGBWSA-N";"C(\C(=C\C=O)C)CC=C(C)C";"CitT";"C10H16O";152.23;229;-10;4.35e-05;NA;NA;0;1;4;17.1;210.36;0.09;NA
"56";"terpene";"(S)-(-)-citronellal";"443157";"5949-05-3";"InChI=1S/C10H18O/c1-9(2)5-4-6-10(3)7-8-11/h5,8,10H,4,6-7H2,1-3H3/t10-/m0/s1";"InChIKey=NEHNMFOYXAPHSD-JTQLQIEISA-N";"[C@@H](CC=O)(CCC=C(C)C)C";"CiAT";"C10H18O";154.25;NA;NA;NA;NA;NA;0;1;5;17.1;198.02;NA;NA
"57";"terpene";"(1R)-(-)-fenchone";"14525";"7787-20-4";"InChI=1S/C10H16O/c1-9(2)7-4-5-10(3,6-7)8(9)11/h7H,4-6H2,1-3H3/t7-,10+/m0/s1";"InChIKey=LHXDLQBQYFFVNW-OIBJUYFYSA-N";"[C@@]12(C(C(C)(C)[C@H](C1)CC2)=O)C";"FenT";"C10H16O";152.23;192;5;NA;NA;NA;0;1;0;17.1;NA;NA;NA
"58";"terpene";"(R)-(+)-limonene";"440917";"5989-27-5";"InChI=1S/C10H16/c1-8(2)10-6-4-9(3)5-7-10/h4,10H,1,5-7H2,2-3H3/t10-/m0/s1";"InChIKey=XMGQYMWWDOXHJM-JTQLQIEISA-N";"[C@H]1(C(=C)C)CC=C(CC1)C";"LiMT";"C10H16";136.23;176;-74.35;26;NA;-54.52;0;0;1;0;195.06;1.98;NA
"59";"terpene";"(-)-menthone";"26447";"14073-97-3";"InChI=1S/C10H18O/c1-7(2)9-5-4-8(3)6-10(9)11/h7-9H,4-6H2,1-3H3/t8-,9+/m1/s1";"InChIKey=NFLGAXVYCFJBMK-BDAKNGLRSA-N";"[C@@H]1(C(C[C@@H](CC1)C)=O)C(C)C";"MenT";"C10H18O";154.25;207;-6;NA;NA;NA;0;1;1;17.1;NA;NA;NA
"60";"terpene";"(1R)-(-)-myrtenal";"61130";"564-94-3";"InChI=1S/C10H14O/c1-10(2)8-4-3-7(6-11)9(10)5-8/h3,6,8-9H,4-5H2,1-2H3";"InChIKey=KMRMUZKLFIEVAO-UHFFFAOYSA-N";"CC1(C2C(=CCC1C2)C=O)C";"MyrT";"C10H14O";150.22;220;NA;NA;NA;NA;0;1;1;17.1;208.91;NA;NA
"61";"terpene";"(+)-alpha-pinene";"82227";"7785-70-8";"InChI=1S/C10H16/c1-7-4-5-8-6-9(7)10(8,2)3/h4,8-9H,5-6H2,1-3H3/t8-,9-/m1/s1";"InChIKey=GRWFGVWFFZKLTI-RKDXNWHRSA-N";"[C@H]12C([C@H](CC=C1C)C2)(C)C";"PinT";"C10H16";136.23;155;-62;NA;NA;-64.9;0;0;0;0;200.77;NA;NA
"62";"terpene";"(R)-(+)-pulegon";"442495";"89-82-7";"InChI=1S/C10H16O/c1-7(2)9-5-4-8(3)6-10(9)11/h8H,4-6H2,1-3H3/t8-/m1/s1";"InChIKey=NZGWDASTMWDZIW-MRVPVSSYSA-N";"[C@@H]1(CC(=O)C(=C(C)C)CC1)C";"PulT";"C10H16O";152.23;224;NA;NA;NA;NA;0;1;0;17.1;199.15;NA;NA
"63";"terpene";"(-)-alpha-thujone";"261491";"546-80-5";"InChI=1S/C10H16O/c1-6(2)10-4-8(10)7(3)9(11)5-10/h6-8H,4-5H2,1-3H3/t7-,8-,10+/m1/s1";"InChIKey=USMNOWBWPHYOEA-MRTMQBJTSA-N";"[C@@]12([C@H](C1)[C@H](C(=O)C2)C)C(C)C";"ThuT";"C10H16O";152.23;203;NA;7e-05;NA;NA;0;1;1;17.1;195.66;NA;NA
"64";"terpene";"alpha-bisabolol";"10586";"23089-26-1";"InChI=1S/C15H26O/c1-12(2)6-5-11-15(4,16)14-9-7-13(3)8-10-14/h6-7,14,16H,5,8-11H2,1-4H3/t14-,15+/m1/s1";"InChIKey=RGZSQWQPBWRIAQ-CABCVRRESA-N";"[C@@]([C@@H]1CC=C(CC1)C)(O)(CCC=C(C)C)C";"BisT";"C15H26O";222.37;NA;NA;NA;NA;NA;1;1;4;20.2;303.74;NA;NA
"65";"terpene";"E,E-farnesol";"445070";"106-28-5";"InChI=1S/C15H26O/c1-13(2)7-5-8-14(3)9-6-10-15(4)11-12-16/h7,9,11,16H,5-6,8,10,12H2,1-4H3/b14-9+,15-11+";"InChIKey=CRDAMVZIKSXKFV-YFVJMOTDSA-N";"C(\C(=C\CO)C)C/C=C(/CCC=C(C)C)C";"FarT";"C15H26O";222.37;NA;NA;NA;NA;NA;1;1;7;20.2;309.64;NA;NA
"66";"terpene";"alpha-ionone";"5282108";"127-41-3";"InChI=1S/C13H20O/c1-10-6-5-9-13(3,4)12(10)8-7-11(2)14/h6-8,12H,5,9H2,1-4H3/b8-7+";"InChIKey=UZFLPKAIBPNNCA-BQYQJAHWSA-N";"CC1(C(C(=CCC1)C)\C=C\C(=O)C)C";"aIoT";"C13H20O";192.3;259;NA;0.000181;NA;NA;0;1;2;17.1;264.15;NA;NA
"67";"terpene";"beta-ionone";"638014";"79-77-6";"InChI=1S/C13H20O/c1-10-6-5-9-13(3,4)12(10)8-7-11(2)14/h7-8H,5-6,9H2,1-4H3/b8-7+";"InChIKey=PSQYTAPXSHCGMF-BQYQJAHWSA-N";"CC(/C=C/C1=C(C)CCCC1(C)C)=O";"BIoT";"C13H20O";192.3;NA;NA;NA;NA;-261.5;0;1;2;17.1;274.85;NA;NA
"68";"terpene";"L-limonen";"439250";"5989-54-8";"InChI=1S/C10H16/c1-8(2)10-6-4-9(3)5-7-10/h4,10H,1,5-7H2,2-3H3/t10-/m1/s1";"InChIKey=XMGQYMWWDOXHJM-SNVBAGLBSA-N";"[C@@H]1(C(=C)C)CC=C(CC1)C";"LiLT";"C10H16";136.23;175;-90;0.38;NA;NA;0;0;1;0;195.06;1.44;NA
"69";"aldehyde";"acetaldehyde";"177";"75-07-0";"InChI=1S/C2H4O/c1-2-3/h2H,1H3";"InChIKey=IKHGUXGNUITLKF-UHFFFAOYSA-N";"CC=O";"AceA";"CH3CHO";44.05;21;-125;6.67e-05;-170.7;-196.4;0;1;1;17.1;48.44;902;13.57
"70";"aldehyde";"propanal";"527";"123-38-6";"InChI=1S/C3H6O/c1-2-3-4/h3H,2H2,1H3";"InChIKey=NBBJYMSMWIIQGU-UHFFFAOYSA-N";"C(C)C=O";"ProA";"C3H6O";58.08;46;-81;7.34e-05;-188.7;-218.3;0;1;1;17.1;68.34;317;NA
"71";"aldehyde";"butanal";"261";"123-72-8";"InChI=1S/C4H8O/c1-2-3-4-5/h4H,2-3H2,1H3";"InChIKey=ZTQSAGDEMFDKMZ-UHFFFAOYSA-N";"C(CC=O)C";"ButA";"C4H8O";72.11;75;-96;0.000115;-211.8;-245.4;0;1;2;17.1;86.83;111;NA
"72";"aldehyde";"pentanal";"8063";"110-62-3";"InChI=1S/C5H10O/c1-2-3-4-5-6/h5H,2-4H2,1H3";"InChIKey=HGBOYTHUEUWSSQ-UHFFFAOYSA-N";"C(CCC)C=O";"PenA";"C5H10O";86.13;102;-92;0.000147;NA;NA;0;1;3;17.1;104.74;26;NA
"73";"aldehyde";"hexanal";"6184";"66-25-1";"InChI=1S/C6H12O/c1-2-3-4-5-6-7/h6H,2-5H2,1H3";"InChIKey=JARKCYVAAOWBJS-UHFFFAOYSA-N";"C(CCC)CC=O";"HexA";"C6H12O";100.16;130;-56;0.000213;NA;NA;0;1;4;17.1;122.64;11.3;NA
"74";"aldehyde";"E2-hexenal";"5281168";"6728-26-3";"InChI=1S/C6H10O/c1-2-3-4-5-6-7/h4-6H,2-3H2,1H3/b5-4+";"InChIKey=MBDOYVRWFFCFHM-SNAWJCMRSA-N";"C(/C=C/C=O)CC";"Hx2A";"C6H10O";98.14;146.7;NA;9.88e-05;NA;NA;0;1;3;17.1;126.21;6.6;NA
"75";"O ring";"furfural";"7362";"98-01-1";"InChI=1S/C5H4O2/c6-4-5-2-1-3-7-5/h1-4H";"InChIKey=HYBBIBNJHNGZAN-UHFFFAOYSA-N";"C1=C(OC=C1)C=O";"FurL";"C5H4O2";96.08;161.7;-36.5;3.37e-06;-151.04;-200.2;0;2;1;30.2;90.05;2.21;NA
"76";"aldehyde";"2-propenal";"7847";"107-02-8";"InChI=1S/C3H4O/c1-2-3-4/h2-3H,1H2";"InChIKey=HGINCPLSRVDWNT-UHFFFAOYSA-N";"O=CC=C";"";"C3H4O";56.06;53;-87;0.000122;NA;-120;0;1;1;17.1;68.65;274;NA
"77";"aldehyde";"octanal";"454";"124-13-0";"InChI=1S/C8H16O/c1-2-3-4-5-6-7-8-9/h8H,2-7H2,1H3";"InChIKey=NUJGJRNETVAIRJ-UHFFFAOYSA-N";"C(CCCC=O)CCC";"OctA";"C8H16O";128.21;171;12;0.000514;NA;-334.7;0;1;6;17.1;158.45;NA;NA
"78";"aldehyde";"decanal";"8175";"112-31-2";"InChI=1S/C10H20O/c1-2-3-4-5-6-7-8-9-10-11/h10H,2-9H2,1H3";"InChIKey=KSMVZQYAVGTKIV-UHFFFAOYSA-N";"C(CCC)CCCCCC=O";"DecA";"C10H20O";156.27;207;-5;0.0018;NA;NA;0;1;8;17.1;194.27;0.1;NA
"79";"aldehyde";"heptanal";"8130";"111-71-7";"InChI=1S/C7H14O/c1-2-3-4-5-6-7-8/h7H,2-6H2,1H3";"InChIKey=FXHGMKSSBGDXIY-UHFFFAOYSA-N";"C(CCCC=O)CC";"HepA";"C7H14O";114.19;153;-43;0.00027;-264;-312;0;1;5;17.1;140.55;3.52;NA
"80";"aldehyde";"E2-octenal";"5283324";"2548-87-0";"InChI=1S/C8H14O/c1-2-3-4-5-6-7-8-9/h6-8H,2-5H2,1H3/b7-6+";"InChIKey=LVBXEMGDVWVTGY-VOTSOKGWSA-N";"C(C\C=C\C=O)CCC";"Oc2A";"C8H14O";126.2;NA;NA;NA;NA;NA;0;1;5;17.1;162.02;NA;NA
"81";"aldehyde";"nonanal";"31289";"124-19-6";"InChI=1S/C9H18O/c1-2-3-4-5-6-7-8-9-10/h9H,2-8H2,1H3";"InChIKey=GYHFUZHODSMOHU-UHFFFAOYSA-N";"C(C)CCCCCCC=O";"NonA";"C9H18O";142.24;191;NA;0.000734;NA;NA;0;1;7;17.1;176.36;0.37;NA
"82";"aldehyde";"E2-heptenal";"5283316";"18829-55-5";"InChI=1S/C7H12O/c1-2-3-4-5-6-7-8/h5-7H,2-4H2,1H3/b6-5+";"InChIKey=NDFKTBCGKNOHPJ-AATRIKPKSA-N";"C(\C=C\C=O)CCC";"";"C7H12O";112.17;NA;NA;NA;NA;NA;0;1;4;17.1;144.11;NA;NA
"83";"ketone";"acetone";"180";"67-64-1";"InChI=1S/C3H6O/c1-3(2)4/h1-2H3";"InChIKey=CSCPPACGZOOCGX-UHFFFAOYSA-N";"CC(=O)C";"ProN";"C3H6O";58.08;56.3;-94;3.97e-05;-218.5;-249.4;0;1;0;17.1;68.93;232;NA
"84";"ketone";"2-butanone";"6569";"78-93-3";"InChI=1S/C4H8O/c1-3-4(2)5/h3H2,1-2H3";"InChIKey=ZWEHNKRNPOVVGH-UHFFFAOYSA-N";"C(C(C)=O)C";"ButN";"C4H8O";72.11;80;-87;5.69e-05;-238.6;-273.3;0;1;1;17.1;87.57;90.6;14.7
"85";"ketone";"2-pentanone";"7895";"107-87-9";"InChI=1S/C5H10O/c1-3-4-5(2)6/h3-4H2,1-2H3";"InChIKey=XNLICIUVMPYHGG-UHFFFAOYSA-N";"C(C(C)=O)CC";"PenN";"C5H10O";86.13;101;-78;8.36e-05;-259.1;-297.3;0;1;2;17.1;105.03;35.4;NA
"86";"ketone";"2-heptanone";"8051";"110-43-0";"InChI=1S/C7H14O/c1-3-4-5-6-7(2)8/h3-6H2,1-2H3";"InChIKey=CATSNJVOTSVZJV-UHFFFAOYSA-N";"C(CCCC)C(C)=O";"HepN";"C7H14O";114.19;149;-35;0.000169;NA;NA;0;1;4;17.1;140.84;3.86;NA
"87";"ketone";"6-methyl-5-hepten-2-one";"9862";"110-93-0";"InChI=1S/C8H14O/c1-7(2)5-4-6-8(3)9/h5H,4,6H2,1-3H3";"InChIKey=UHEPJGULSIKKTP-UHFFFAOYSA-N";"C(C(=O)C)CC=C(C)C";"";"C8H14O";126.2;173;-67;NA;-251;-311.1;0;1;3;17.1;166.82;57.1;NA
"88";"ketone";"2,3-butanedione";"650";"431-03-8";"InChI=1S/C4H6O2/c1-3(5)4(2)6/h1-2H3";"InChIKey=QSJXEFYPDANLFS-UHFFFAOYSA-N";"CC(C(C)=O)=O";"BEDN";"C4H6O2";86.09;88;-2.4;1.33e-05;-326.8;-365.5;0;2;1;34.1;95.8;56.8;NA
"89";"ketone";"3-hydroxy-2-butanone";"179";"513-86-0";"InChI=1S/C4H8O2/c1-3(5)4(2)6/h3,5H,1-2H3";"InChIKey=ROWKJAVDOGWPAT-UHFFFAOYSA-N";"CC(C(C)=O)O";"HBuN";"C4H8O2";88.11;148;15;1.03e-05;NA;NA;1;2;1;37.3;90.9;2.69;NA
"90";"ketone";"3-penten-2-one";"12248";"625-33-2";"InChI=1S/C5H8O/c1-3-4-5(2)6/h3-4H,1-2H3/b4-3-";"InChIKey=LABTWGUMFABVFG-ARJAWSKDSA-N";"CC(=O)\C=C/C";"P2ON";"C5H8O";84.12;121;NA;4.1e-05;-136;-69.5;0;1;1;17.1;108.71;39.1;NA
"91";"ketone";"2-hexanone";"11583";"591-78-6";"InChI=1S/C6H12O/c1-3-4-5-6(2)7/h3-5H2,1-2H3";"InChIKey=QQZOPKMRPOGIEB-UHFFFAOYSA-N";"C(C(C)=O)CCC";"HEXN";"C6H12O";100.16;127;-57;9.32e-05;-279.8;-322;0;1;3;17.1;122.94;11.6;NA
"92";"ketone";"3-hexanone";"11509";"589-38-8";"InChI=1S/C6H12O/c1-3-5-6(7)4-2/h3-5H2,1-2H3";"InChIKey=PFCHFHIRKBAQGU-UHFFFAOYSA-N";"C(C(CC)=O)CC";"3HxN";"C6H12O";100.16;123;-55.5;0.000125;-278.25;-320.13;0;1;3;17.1;124.15;13.9;NA
"93";"ketone";"cyclohexanone";"7967";"108-94-1";"InChI=1S/C6H10O/c7-6-4-2-1-3-5-6/h1-5H2";"InChIKey=JHIVVAPYMSGYDF-UHFFFAOYSA-N";"O=C1CCCCC1";"CyHN";"C6H10O";98.14;155;-47;9e-06;-231.1;-276.1;0;1;0;17.1;116.59;4.33;11.3
"94";"ketone";"2-octanone";"8093";"111-13-7";"InChI=1S/C8H16O/c1-3-4-5-6-7-8(2)9/h3-7H2,1-2H3";"InChIKey=ZPVFWPFBNIEHGJ-UHFFFAOYSA-N";"C(C(C)=O)CCCCC";"OctN";"C8H16O";128.21;173;-16;0.000188;-345.1;-384.6;0;1;5;17.1;158.75;1.35;NA
"95";"ketone";"2-methyl-3-heptanone";"25611";"13019-20-0";"InChI=1S/C8H16O/c1-4-5-6-8(9)7(2)3/h7H,4-6H2,1-3H3";"InChIKey=XYYMFUCZDNNGFS-UHFFFAOYSA-N";"C(C(C(C)C)=O)CCC";"M3HN";"C8H16O";128.21;158;NA;NA;NA;NA;0;1;4;17.1;157.26;NA;NA
"96";"ketone";"nonanone";"13187";"821-55-6";"InChI=1S/C9H18O/c1-3-4-5-6-7-8-9(2)10/h3-8H2,1-2H3";"InChIKey=VKCYHJWLYTUGCC-UHFFFAOYSA-N";"C(CCCCC)CC(C)=O";"NonN";"C9H18O";142.24;NA;-21;0.000367;-340.8;-397.2;0;1;6;17.1;176.66;0.62;NA
"97";"ketone";"3-heptanone";"7802";"106-35-4";"InChI=1S/C7H14O/c1-3-5-6-7(8)4-2/h3-6H2,1-2H3";"InChIKey=NGAZZOYFWWSOGK-UHFFFAOYSA-N";"C(C(CC)=O)CCC";"3HpN";"C7H14O";114.19;146;-39;9.08e-05;NA;NA;0;1;4;17.1;142.06;2.6;NA
"98";"ketone";"4-octanone";"11516";"589-63-9";"InChI=1S/C8H16O/c1-3-5-7-8(9)6-4-2/h3-7H2,1-2H3";"InChIKey=YWXLSHOWXZUMSR-UHFFFAOYSA-N";"C(C(CCC)=O)CCC";"4OcN";"C8H16O";128216;163;NA;NA;-349.3;-386.1;0;1;5;17.1;159.52;NA;NA
"99";"arom";"phenethyl alcohol";"6054";"60-12-8";"InChI=1S/C8H10O/c9-7-6-8-4-2-1-3-5-8/h1-5,9H,6-7H2";"InChIKey=WRMNZCZEMHIOCP-UHFFFAOYSA-N";"C1=C(C=CC=C1)CCO";"PELM";"C8H10O";122.16;218.2;-27;2.56e-07;NA;NA;1;1;2;20.2;122.59;0.09;NA
"100";"arom";"benzyl alcohol";"244";"100-51-6";"InChI=1S/C7H8O/c8-6-7-4-2-1-3-5-7/h1-5,8H,6H2";"InChIKey=WVDDGKGOMKODPV-UHFFFAOYSA-N";"C1=CC=CC=C1CO";"BolM";"C7H8O";108.14;203;-16;3.37e-07;-94.6;-154.9;1;1;1;20.2;104.06;0.09;15.4
"101";"arom";"methyl salicylate";"4133";"119-36-8";"InChI=1S/C8H8O3/c1-11-8(10)6-4-2-3-5-7(6)9/h2-5,9H,1H3";"InChIKey=OSWPMRLSEDHDFF-UHFFFAOYSA-N";"C1=CC(=C(C=C1)C(=O)OC)O";"MSaM";"C8H8O3";152.15;222;-8;9.81e-05;NA;NA;1;3;2;46.5;143.66;0.03;9.87
"102";"arom";"methyl benzoate";"7150";"93-58-3";"InChI=1S/C8H8O2/c1-10-8(9)7-5-3-2-4-6-7/h2-6H,1H3";"InChIKey=QPJVMBTYPHYUOC-UHFFFAOYSA-N";"C1=C(C(OC)=O)C=CC=C1";"";"C8H8O2";136.15;198;-12;3.24e-05;-269.3;-324.3;0;2;2;26.3;132.48;0.38;NA
"103";"arom";"ethyl benzoate";"7165";"93-89-0";"InChI=1S/C9H10O2/c1-2-11-9(10)8-6-4-3-5-7-8/h3-7H,2H2,1H3";"InChIKey=MTZQAGJQAFMTAQ-UHFFFAOYSA-N";"C1=C(C(OCC)=O)C=CC=C1";"2EBM";"C9H10O2";150.17;212;-34;7.33e-05;NA;NA;1;2;3;26.3;149.49;0.27;NA
"104";"arom";"phenethyl acetate";"7654";"103-45-7";"InChI=1S/C10H12O2/c1-9(11)12-8-7-10-5-3-2-4-6-10/h2-6H,7-8H2,1H3";"InChIKey=MDHYEMXUFSJLGV-UHFFFAOYSA-N";"C1=C(C=CC=C1)CCOC(C)=O";"";"C10H12O2";164.2;238;-31.1;1.88e-05;NA;NA;0;2;4;26.3;168.65;NA;NA
"105";"arom";"benzaldehyde";"240";"100-52-7";"InChI=1S/C7H6O/c8-6-7-4-2-1-3-5-7/h1-6H";"InChIKey=HUMNYLRZRPPJDN-UHFFFAOYSA-N";"C1=CC=CC=C1C=O";"BeAM";"C7H6O";106.12;178;-26;2.67e-05;-36.8;-87.1;0;1;1;17.1;104.08;0.13;NA
"106";"arom";"phenylacetaldehyde";"998";"122-78-1";"InChI=1S/C8H8O/c9-7-6-8-4-2-1-3-5-8/h1-5,7H,6H2";"InChIKey=DTUQWGWMVIHBKE-UHFFFAOYSA-N";"C1=C(C=CC=C1)CC=O";"PAAM";"C8H8O";120.15;195;-10;5.48e-06;NA;NA;0;1;2;17.1;124.59;0.39;NA
"107";"arom";"acetophenone";"7410";"98-86-2";"InChI=1S/C8H8O/c1-7(9)8-5-3-2-4-6-8/h2-6H,1H3";"InChIKey=KWOLFJPFCHCOCG-UHFFFAOYSA-N";"C1=CC=CC=C1C(C)=O";"PENM";"C8H8O";120.15;202;19;1.04e-05;-86.7;-142.5;0;1;1;17.1;122.3;0.4;NA
"108";"arom";"ethyl cinnamate";"637758";"103-36-6";"InChI=1S/C11H12O2/c1-2-13-11(12)9-8-10-6-4-3-5-7-10/h3-9H,2H2,1H3/b9-8+";"InChIKey=KBEBGUQPQBELIU-CMDGGOBGSA-N";"C1=C(/C=C/C(OCC)=O)C=CC=C1";"";"C11H12O2";176.21;271;6;4.26e-06;NA;NA;0;2;4;26.3;193.23;0;NA
"109";"arom";"2-methylphenol";"335";"95-48-7";"InChI=1S/C7H8O/c1-6-4-2-3-5-7(6)8/h2-5,8H,1H3";"InChIKey=QWVGKYWNOKOFNN-UHFFFAOYSA-N";"C1=C(C(=CC=C1)C)O";"2MPM";"C7H8O";108.14;191;29;1.2e-06;-128.3;-202;1;1;0;20.2;107.59;0.21;10.28
"110";"arom";"4-ethylguaiacol";"62465";"2785-89-9";"InChI=1S/C9H12O2/c1-3-7-4-5-8(10)9(6-7)11-2/h4-6,10H,3H2,1-2H3";"InChIKey=CHWNEIVBYREQRF-UHFFFAOYSA-N";"C1=C(C(=CC(=C1)CC)OC)O";"";"C9H12O2";152.19;234;15;NA;NA;NA;1;2;2;29.5;158.25;NA;NA
"111";"arom";"eugenol";"3314";"97-53-0";"InChI=1S/C10H12O2/c1-3-4-8-5-6-9(11)10(7-8)12-2/h3,5-7,11H,1,4H2,2H3";"InChIKey=RRAFCDWBNXTKKO-UHFFFAOYSA-N";"C1=C(C(=CC=C1CC=C)O)OC";"EugM";"C10H12O2";164.2;254;-12;4.81e-08;NA;NA;1;2;3;29.5;181.27;NA;10.19
"112";"arom";"salicyl aldehyde";"6998";"90-02-8";"InChI=1S/C7H6O2/c8-5-6-3-1-2-4-7(6)9/h1-5,9H";"InChIKey=SMQUZDBALVYZAC-UHFFFAOYSA-N";"C1=CC=CC(=C1C=O)O";"SaAM";"C7H6O2";122.12;197;1;5.61e-06;NA;NA;1;2;1;37.3;114.6;0.59;NA
"113";"arom";"2-hydroxy-anisole";"460";"90-05-1";"InChI=1S/C7H8O2/c1-9-7-5-3-2-4-6(7)8/h2-5,8H,1H3";"InChIKey=LHGVFZTZFXWLCP-UHFFFAOYSA-N";"C1=C(C(=CC=C1)O)OC";"HAnM";"C7H8O2";124.14;205;26;1.2e-06;NA;NA;1;2;1;29.5;119.09;0.1;9.98
"114";"arom";"4-propenyl anisole";"637563";"104-46-1";"InChI=1S/C10H12O/c1-3-4-9-5-7-10(11-2)8-6-9/h3-8H,1-2H3/b4-3+";"InChIKey=RUVINXPYWBROJD-ONEGZZNKSA-N";"C1=CC(=CC=C1\C=C\C)OC";"PAnM";"C10H12O";148.2;235;21.3;7.18e-05;NA;-105.5;0;1;2;9.2;167.14;NA;NA
"115";"arom";"4-methoxybenzaldehyde";"31244";"123-11-5";"InChI=1S/C8H8O2/c1-10-8-4-2-7(6-9)3-5-8/h2-6H,1H3";"InChIKey=ZRSNZINYAWTAHE-UHFFFAOYSA-N";"C1=CC(=CC=C1C=O)OC";"MBAM";"C8H8O2";136.15;248;-1;7.94e-07;NA;-247;0;2;2;26.3;135.92;NA;NA
"116";"arom";"4-isopropylbenzaldehyde";"326";"122-03-2";"InChI=1S/C10H12O/c1-8(2)10-5-3-9(7-11)4-6-10/h3-8H,1-2H3";"InChIKey=WTWBUQJHJGUZCY-UHFFFAOYSA-N";"C1=C(C=CC(=C1)C(C)C)C=O";"IPBM";"C10H12O";148.2;235;NA;NA;NA;NA;0;1;2;17.1;157.14;NA;NA
"117";"arom";"4-methoxybenzene";"7519";"100-66-3";"InChI=1S/C7H8O/c1-8-7-5-3-2-4-6-7/h2-6H,1H3";"InChIKey=RDOXTESZEPMUJZ-UHFFFAOYSA-N";"C1=C(OC)C=CC=C1";"MeBM";"C7H8O";108.14;154;-37;0.000484;NA;NA;0;1;1;9.2;107.74;3.54;-6.51
"118";"arom";"4-allyl-1,2-dimethoxybenzene";"7127";"93-15-2";"InChI=1S/C11H14O2/c1-4-5-9-6-7-10(12-2)11(8-9)13-3/h4,6-8H,1,5H2,2-3H3";"InChIKey=ZYEMGPIYFIJGTP-UHFFFAOYSA-N";"C1=C(CC=C)C=CC(=C1OC)OC";"DMBM";"C11H14O2";178.23;254;-4;5.6e-06;NA;NA;0;2;4;18.5;201.27;NA;NA
"119";"arom";"2,4,5-trimethoxy-1-propenylbenzene";"636822";"2883-98-9";"InChI=1S/C12H16O3/c1-5-6-9-7-11(14-3)12(15-4)8-10(9)13-2/h5-8H,1-4H3/b6-5-";"InChIKey=RKFAZBXYICVSKP-WAYWQWQTSA-N";"C1=C(OC)C(=CC(=C1\C=C/C)OC)OC";"TMPM";"C12H16O3";208.25;296;57;NA;NA;NA;0;3;4;27.7;229.16;NA;NA
"120";"arom";"benzyl cyanide";"8794";"140-29-4";"InChI=1S/C8H7N/c9-7-6-8-4-2-1-3-5-8/h1-5H,6H2";"InChIKey=SUSQOBVLVYHIEX-UHFFFAOYSA-N";"C1=C(C=CC=C1)CC#N";"BCyM";"C8H7N";117.15;234;-24;2.47e-06;NA;NA;0;1;1;23.8;129.67;NA;NA
"121";"arom";"iso-eugenol";"853433";"97-54-1";"InChI=1S/C10H12O2/c1-3-4-8-5-6-9(11)10(7-8)12-2/h3-7,11H,1-2H3/b4-3+";"InChIKey=BJIOGJUNALELMI-ONEGZZNKSA-N";"C1=C(C=CC(=C1OC)O)\C=C\C";"IEuM";"C10H12O2";164.2;266;-10;2.67e-08;NA;NA;1;2;2;29.5;178.56;NA;NA
"122";"arom";"4-methylphenol";"2879";"106-44-5";"InChI=1S/C7H8O/c1-6-2-4-7(8)5-3-6/h2-5,8H,1H3";"InChIKey=IWDCLRJOBJJRNH-UHFFFAOYSA-N";"C1=C(C)C=CC(=C1)O";"4MPM";"C7H8O";108.14;202;32;1e-06;-125.3;-193;1;1;0;20.2;107.38;0.11;NA
"123";"arom";"4-ethylphenol";"31242";"123-07-9";"InChI=1S/C8H10O/c1-2-7-3-5-8(9)6-4-7/h3-6,9H,2H2,1H3";"InChIKey=HXDOZKJGKXYMEW-UHFFFAOYSA-N";"C1=C(CC)C=CC(=C1)O";"";"C8H10O";122.16;218;40;7.73e-07;-144.3;-224.4;1;1;1;20.2;125.52;0.04;10
"124";"arom";"2-propylphenol";"12570";"644-35-9";"InChI=1S/C9H12O/c1-2-5-8-6-3-4-7-9(8)10/h3-4,6-7,10H,2,5H2,1H3";"InChIKey=LCHYEKKJCUJAKN-UHFFFAOYSA-N";"C1=CC=CC(=C1CCC)O";"2PPM";"C9H12O";136.19;224;7;1.09e-06;NA;NA;1;1;2;20.2;144.04;NA;10.47
"125";"arom";"3-phenyl-2E-propenal";"637511";"14371-10-9";"InChI=1S/C9H8O/c10-8-4-7-9-5-2-1-3-6-9/h1-8H/b7-4+";"InChIKey=KJPRLNWUNMBNBZ-QPJJXVBHSA-N";"C1=CC(=CC=C1)\C=C\C=O";"PPrM";"C9H8O";132.16;250;-9;NA;NA;NA;0;1;2;17.1;143.97;NA;NA
"126";"arom";"benzonitrile";"7505";"100-47-0";"InChI=1S/C7H5N/c8-6-7-4-2-1-3-5-7/h1-5H";"InChIKey=JFDZBHWFFUWGJE-UHFFFAOYSA-N";"C1=CC=CC(=C1)C#N";"BNiM";"C7H5N";103.12;191;-13;5.21e-05;219;163.2;0;1;0;23.8;109.87;0.77;NA
"127";"arom";"methyl jasmonate";"62388";"39924-52-2";"InChI=1S/C13H20O3/c1-3-4-5-6-11-10(7-8-12(11)14)9-13(15)16-2/h4-5,10-11H,3,6-9H2,1-2H3/b5-4+";"InChIKey=GEWDNTWNSAZUDX-SNAWJCMRSA-N";"C(C1C(C(=O)CC1)C\C=C\CC)C(OC)=O";"MJsM";"C13H20O3";224.3;NA;NA;NA;NA;NA;0;3;6;43.4;NA;NA;NA
"128";"arom";"benzyl acetate";"8785";"140-11-4";"InChI=1S/C9H10O2/c1-8(10)11-7-9-5-3-2-4-6-9/h2-6H,7H2,1H3";"InChIKey=QUKGYYKBILRGFE-UHFFFAOYSA-N";"C1=C(COC(C)=O)C=CC=C1";"";"C9H10O2";150.17;206;-51;1.13e-05;NA;NA;0;2;3;26.3;150.77;0.18;NA
"129";"arom";"4-propylphenol";"12580";"645-56-7";"InChI=1S/C9H12O/c1-2-3-8-4-6-9(10)7-5-8/h4-7,10H,2-3H2,1H3";"InChIKey=KLSLBUSXWBJMEC-UHFFFAOYSA-N";"C1=CC(=CC=C1CCC)O";"";"C9H12O";136.19;223;22;1.14e-06;NA;NA;1;1;2;20.2;143.06;NA;10.34
"130";"arom";"3-methylphenol";"342";"108-39-4";"InChI=1S/C7H8O/c1-6-3-2-4-7(8)5-6/h2-5,8H,1H3";"InChIKey=RLSSMJSEOOYNOY-UHFFFAOYSA-N";"C1=C(C)C=CC=C1O";"3MPM";"C7H8O";108.14;203;8;8.56e-07;-133.6;-193.3;1;1;0;20.2;107.46;0.11;10.09
"131";"arom";"2-ethylphenol";"6997";"90-00-6";"InChI=1S/C8H10O/c1-2-7-5-3-4-6-8(7)9/h3-6,9H,2H2,1H3";"InChIKey=IXQGCWUGDFDQMF-UHFFFAOYSA-N";"C1=CC=CC(=C1CC)O";"2EPM";"C8H10O";122.16;195;-18;4.61e-06;-145.2;-208.8;1;1;1;20.2;126.5;0.15;10.2
"132";"arom";"benzoic acid";"243";"65-85-0";"InChI=1S/C7H6O2/c8-7(9)6-4-2-1-3-5-6/h1-5H,(H,8,9)";"InChIKey=WPYMKLBDIGXBTP-UHFFFAOYSA-N";"C1=CC=CC=C1C(O)=O";"BenM";"C7H6O2";122.12;249;121;3.81e-08;NA;-385.06;1;2;1;37.3;109;0;4.19
"133";"arom";"4hydroxy-3-methoxybenzaldehyde";"1183";"121-33-5";"InChI=1S/C8H8O3/c1-11-8-4-6(5-9)2-3-7(8)10/h2-5,10H,1H3";"InChIKey=MWOOGOJBHIARFG-UHFFFAOYSA-N";"C1=C(OC)C(=CC=C1C=O)O";"HMBM";"C8H8O3";152.15;285;81;2.15e-09;NA;NA;1;3;2;46.5;147.35;NA;7.4
"134";"alcohol";"methanol";"887";"67-56-1";"InChI=1S/CH4O/c1-2/h2H,1H3";"InChIKey=OKKJLVBELUTLKV-UHFFFAOYSA-N";"CO";"";"CH4O";32.04;64.7;-98;4.55e-06;-201;-238.4;1;1;0;20.2;34.15;127;15.3
"135";"alcohol";"ethanol";"702";"64-17-5";"InChI=1S/C2H6O/c1-2-3/h3H,2H2,1H3";"InChIKey=LFQSCWFLJHTTHZ-UHFFFAOYSA-N";"C(C)O";"";"C2H6O";46.07;78;-114;5e-06;-235.3;-277;1;1;0;20.2;49.61;59.3;15.9
"136";"alcohol";"1-propanol";"1031";"71-23-8";"InChI=1S/C3H8O/c1-2-3-4/h4H,2-3H2,1H3";"InChIKey=BDERNNFJNOPAEC-UHFFFAOYSA-N";"C(CO)C";"ProL";"C3H8O";60.1;97;-127;7.41e-06;-255.6;-302.54;1;1;1;20.2;68.56;21;16.1
"137";"alcohol";"1-butanol";"263";"71-36-3";"InChI=1S/C4H10O/c1-2-3-4-5/h5H,2-4H2,1H3";"InChIKey=LRHPLDYGYMQRHN-UHFFFAOYSA-N";"C(CCO)C";"ButL";"C4H10O";74.12;116;-90;8.81e-06;-275.28;-328;1;1;2;20.2;86.46;6.7;16.1
"138";"alcohol";"1-pentanol";"6276";"71-41-0";"InChI=1S/C5H12O/c1-2-3-4-5-6/h6H,2-5H2,1H3";"InChIKey=AMQJEAYHLZJPGS-UHFFFAOYSA-N";"C(CCO)CC";"PenL";"C5H12O";88.15;136;-78;1.3e-05;-295.63;-351.62;1;1;3;20.2;104.37;2.2;NA
"139";"alcohol";"1-hexanol";"8103";"111-27-3";"InChI=1S/C6H14O/c1-2-3-4-5-6-7/h7H,2-6H2,1H3";"InChIKey=ZSIAUFGUXNUGDI-UHFFFAOYSA-N";"C(CC)CCCO";"HexL";"C6H14O";102.17;156;-52;1.71e-05;-314.7;-377.5;1;1;4;20.2;122.27;0.93;NA
"140";"alcohol";"1-octanol";"957";"111-87-5";"InChI=1S/C8H18O/c1-2-3-4-5-6-7-8-9/h9H,2-8H2,1H3";"InChIKey=KBPLFHHGFOOTCA-UHFFFAOYSA-N";"C(CCCCO)CCC";"OctL";"C8H18O";130.23;196;-15;2.45e-05;-356.9;-426.6;1;1;6;20.2;158.09;0.08;NA
"141";"alcohol";"2-octanol";"20083";"123-96-6";"InChI=1S/C8H18O/c1-3-4-5-6-7-8(2)9/h8-9H,3-7H2,1-2H3";"InChIKey=SJWFXCIHNDVPSH-UHFFFAOYSA-N";"C(CCCCC)C(C)O";"Oc2L";"C8H18O";130.23;174;38;0.000123;NA;NA;1;1;5;20.2;155.57;0.24;NA
"142";"alcohol";"2-pentanol";"22386";"6032-29-7";"InChI=1S/C5H12O/c1-3-4-5(2)6/h5-6H,3-4H2,1-2H3";"InChIKey=JYVLIDXNZAXMDK-UHFFFAOYSA-N";"C(C)CC(C)O";"Pe2L";"C5H12O";88.15;118;-73;1.48e-05;-313.8;-365.2;1;1;2;20.2;101.85;6.11;NA
"143";"alcohol";"3-methyl-butanol";"31260";"123-51-3";"InChI=1S/C5H12O/c1-5(2)3-4-6/h5-6H,3-4H2,1-2H3";"InChIKey=PHTQWCKDNZKARW-UHFFFAOYSA-N";"C(C(C)C)CO";"MBuL";"C5H12O";88.15;130;-117;1.41e-05;-301.3;-355.9;1;1;2;20.2;101.68;2.37;NA
"144";"alcohol";"3-methyl-2-buten-1-ol";"11173";"556-82-1";"InChI=1S/C5H10O/c1-5(2)3-4-6/h3,6H,4H2,1-2H3";"InChIKey=ASUAYTHWZCLXAN-UHFFFAOYSA-N";"C(C=C(C)C)O";"";"C5H10O";86.13;140;NA;NA;NA;NA;1;1;1;20.2;110.67;NA;NA
"145";"alcohol";"1-penten-3-ol";"12020";"616-25-1";"InChI=1S/C5H10O/c1-3-5(6)4-2/h3,5-6H,1,4H2,2H3";"InChIKey=VHVMXWZXFBOANQ-UHFFFAOYSA-N";"C(C(C=C)O)C";"";"C5H10O";86.13;114;NA;9.88e-06;NA;NA;1;1;2;20.2;104.12;9.68;NA
"146";"alcohol";"1-octen-3-ol";"18827";"3391-86-4";"InChI=1S/C8H16O/c1-3-5-6-7-8(9)4-2/h4,8-9H,2-3,5-7H2,1H3";"InChIKey=VSMOENVRRABVKN-UHFFFAOYSA-N";"C(C(C=C)O)CCCC";"O13L";"C8H16O";128.21;174;NA;NA;NA;NA;1;1;5;20.2;157.78;NA;NA
"147";"alcohol";"E2-hexenol";"5318042";"928-95-0";"InChI=1S/C6H12O/c1-2-3-4-5-6-7/h4-5,7H,2-3,6H2,1H3/b5-4+";"InChIKey=ZCHHRLHTBGRGOT-SNAWJCMRSA-N";"C(O)\C=C\CCC";"H21L";"C6H12O";100.16;158;NA;NA;NA;NA;1;1;3;20.2;127.36;NA;NA
"148";"alcohol";"Z2-hexenol";"5324489";"928-94-9";"InChI=1S/C6H12O/c1-2-3-4-5-6-7/h4-5,7H,2-3,6H2,1H3/b5-4-";"InChIKey=ZCHHRLHTBGRGOT-PLNGDYQASA-N";"C(O)\C=C/CCC";"";"C6H12O";100.16;166;NA;NA;NA;NA;1;1;3;20.2;127.36;NA;NA
"149";"alcohol";"E3-hexenol";"5284503";"928-97-2";"InChI=1S/C6H12O/c1-2-3-4-5-6-7/h3-4,7H,2,5-6H2,1H3/b4-3+";"InChIKey=UFLHIIWVXFIJGU-ONEGZZNKSA-N";"C(\C=C\CC)CO";"";"C6H12O";100.16;155;-60;NA;NA;NA;1;1;3;20.2;128.54;NA;NA
"150";"alcohol";"Z3-hexenol";"5281167";"928-96-1";"InChI=1S/C6H12O/c1-2-3-4-5-6-7/h3-4,7H,2,5-6H2,1H3/b4-3-";"InChIKey=UFLHIIWVXFIJGU-ARJAWSKDSA-N";"C(\C=C/CC)CO";"Z3hL";"C6H12O";100.16;156;-61;NA;NA;NA;1;1;3;20.2;128.54;NA;NA
"151";"alcohol";"glycerol";"753";"56-81-5";"InChI=1S/C3H8O3/c4-1-3(6)2-5/h3-6H,1-2H2";"InChIKey=PEDCQBHIVMGVHV-UHFFFAOYSA-N";"C(C(CO)O)O";"";"C3H8O3";92.09;290;20;1.73e-08;-577.9;-669.6;3;3;2;60.7;81.67;0;NA
"152";"alcohol";"2,3-butanediol";"262";"513-85-9";"InChI=1S/C4H10O2/c1-3(5)4(2)6/h3-6H,1-2H3/t3-,4+";"InChIKey=OWBTYPJTUOEWEK-ZXZARUISSA-N";"[C@H](O)([C@@H](O)C)C";"BEdL";"C4H10O2";90.12;183;25;2.88e-08;NA;-544.8;2;2;1;40.5;88.67;0.24;14.9
"153";"alcohol";"cyclohexanol";"7966";"108-93-0";"InChI=1S/C6H12O/c7-6-4-2-1-3-5-6/h6-7H,1-5H2";"InChIKey=HPXRVTGHNJAIIH-UHFFFAOYSA-N";"C1C(CCCC1)O";"CyHL";"C6H12O";100.16;160;20;4.4e-06;-286.8;-352;1;1;0;20.2;114.65;0.8;NA
"154";"alcohol";"decanol";"8174";"112-30-1";"InChI=1S/C10H22O/c1-2-3-4-5-6-7-8-9-10-11/h11H,2-10H2,1H3";"InChIKey=MWKFXSUHUHTGQN-UHFFFAOYSA-N";"C(CCCCCO)CCCC";"DecL";"C10H22O";158.28;231;5;3.2e-05;-395.2;-478.1;1;1;8;20.2;193.9;0.01;NA
"155";"alcohol";"4-methylcyclohexanol";"11524";"589-91-3";"InChI=1S/C7H14O/c1-6-2-4-7(8)5-3-6/h6-8H,2-5H2,1H3";"InChIKey=MQWCXKGKQLNYQG-UHFFFAOYSA-N";"CC1CCC(O)CC1";"MCHL";"C7H14O";114.19;170;-41;6.5e-06;NA;NA;1;1;0;20.2;128.48;0.29;NA
"156";"alcohol";"1-heptanol";"8129";"111-70-6";"InChI=1S/C7H16O/c1-2-3-4-5-6-7-8/h8H,2-7H2,1H3";"InChIKey=BBMCTIGTTCKYKF-UHFFFAOYSA-N";"C(CCCC)CCO";"HepL";"C7H16O";116.2;176;-36;1.88e-05;-339.7;-403.4;1;1;5;20.2;140.18;0.22;NA
"157";"alcohol";"3-octanol";"11527";"589-98-0";"InChI=1S/C8H18O/c1-3-5-6-7-8(9)4-2/h8-9H,3-7H2,1-2H3";"InChIKey=NMRPBPVERJPACX-UHFFFAOYSA-N";"C(C)CCCC(CC)O";"Oc3L";"C8H18O";130.23;174;-45;3.1e-05;NA;NA;1;1;5;20.2;155.4;0.26;NA
"158";"alcohol";"1-nonanol";"8914";"143-08-8";"InChI=1S/C9H20O/c1-2-3-4-5-6-7-8-9-10/h10H,2-9H2,1H3";"InChIKey=ZWRUINPWMLAQRD-UHFFFAOYSA-N";"C(CCCCC)CCCO";"NonL";"C9H20O";144.25;215;-8;3.08e-05;-375.6;-453.6;1;1;7;20.2;175.99;0.02;NA
"159";"alcohol";"4-octanol";"11515";"589-62-8";"InChI=1S/C8H18O/c1-3-5-7-8(9)6-4-2/h8-9H,3-7H2,1-2H3";"InChIKey=WOFPPJOZXUTRAU-UHFFFAOYSA-N";"C(C(CCC)O)CCC";"Oc4L";"C8H18O";130.23;174;NA;3.1e-05;NA;NA;1;1;5;20.2;155.35;0.31;NA
"160";"alcohol";"2-heptanol";"10976";"543-49-7";"InChI=1S/C7H16O/c1-3-4-5-6-7(2)8/h7-8H,3-6H2,1-2H3";"InChIKey=CETWDUZRCINIHU-UHFFFAOYSA-N";"C(CCCC)C(C)O";"HP2L";"C7H16O";116.2;160;NA;5.56e-05;NA;-416.9;1;1;4;20.2;137.66;1.23;NA
"161";"alcohol";"2-hexanol";"12297";"626-93-7";"InChI=1S/C6H14O/c1-3-4-5-6(2)7/h6-7H,3-5H2,1-2H3";"InChIKey=QNVRIHYSUZMSGM-UHFFFAOYSA-N";"C(C)CCC(C)O";"Hx2L";"C6H14O";102.17;136;-23;2.44e-05;NA;-392;1;1;3;20.2;119.76;2.49;NA
"162";"alcohol";"3-hexanol";"12178";"623-37-0";"InChI=1S/C6H14O/c1-3-5-6(7)4-2/h6-7H,3-5H2,1-2H3";"InChIKey=ZOCHHNOQQHDWHG-UHFFFAOYSA-N";"C(C(CC)O)CC";"H3xL";"C6H14O";102.17;134;NA;4.02e-05;NA;-390.3;1;1;3;20.2;119.59;4.81;NA
"163";"alcohol";"1-hexen-3-ol";"20928";"4798-44-1";"InChI=1S/C6H12O/c1-3-5-6(7)4-2/h4,6-7H,2-3,5H2,1H3";"InChIKey=BVOSSZSHBZQJOI-UHFFFAOYSA-N";"C(C(C=C)O)CC";"Hx3L";"C6H12O";100.16;134;NA;1.31e-05;NA;NA;1;1;3;20.2;121.97;2.79;NA
"164";"alcohol";"isobutyl alcohol";"6560";"78-83-1";"InChI=1S/C4H10O/c1-4(2)3-5/h4-5H,3H2,1-2H3";"InChIKey=ZXEKIIBDNHEJCQ-UHFFFAOYSA-N";"C(C(C)C)O";"MPrL";"C4H10O";74.12;108;-108;9.78e-06;-283.8;-334.6;1;1;1;20.2;83.72;10.5;NA
"165";"ester";"methyl acetate";"6584";"79-20-9";"InChI=1S/C3H6O2/c1-3(4)5-2/h1-2H3";"InChIKey=KXKVLQRXCPHEJC-UHFFFAOYSA-N";"CC(OC)=O";"";"C3H6O2";74.08;57;-98;0.000115;-410;-445.89;0;2;1;26.3;79.2;216;NA
"166";"ester";"ethyl acetate";"8857";"141-78-6";"InChI=1S/C4H8O2/c1-3-6-4(2)5/h3H2,1-2H3";"InChIKey=XEKOWRVHYACXOJ-UHFFFAOYSA-N";"C(OC(C)=O)C";"EACE";"C4H8O2";88.11;76.5;-84;0.000134;-445.43;-480.57;0;2;2;26.3;96.21;93.2;NA
"167";"ester";"propyl acetate";"7997";"109-60-4";"InChI=1S/C5H10O2/c1-3-4-7-5(2)6/h3-4H2,1-2H3";"InChIKey=YKYONYBAUNKHLG-UHFFFAOYSA-N";"C(OC(C)=O)CC";"PACE";"C5H10O2";102.13;102;-95;0.000218;NA;NA;0;2;3;26.3;114.61;35.9;NA
"168";"ester";"butyl acetate";"31272";"123-86-4";"InChI=1S/C6H12O2/c1-3-4-5-8-6(2)7/h3-5H2,1-2H3";"InChIKey=DKPFZGUDAPQIHT-UHFFFAOYSA-N";"C(C)CCOC(C)=O";"BACE";"C6H12O2";116.16;124;-78;0.000281;NA;-609.6;0;2;4;26.3;132.52;11.5;NA
"169";"ester";"pentyl acetate";"12348";"628-63-7";"InChI=1S/C7H14O2/c1-3-4-5-6-9-7(2)8/h3-6H2,1-2H3";"InChIKey=PGMYKACGEOXYJE-UHFFFAOYSA-N";"C(OC(C)=O)CCCC";"PAcE";"C7H14O2";130.18;142;-100;0.000388;NA;-383.25;0;2;5;26.3;150.43;3.5;NA
"170";"ester";"hexyl acetate";"8908";"142-92-7";"InChI=1S/C8H16O2/c1-3-4-5-6-7-10-8(2)9/h3-7H2,1-2H3";"InChIKey=AOGQPLXWSUTHQB-UHFFFAOYSA-N";"C(C)CCCCOC(C)=O";"HxAE";"C8H16O2";144.21;168;-80;0.00053;NA;NA;0;2;6;26.3;168.33;1.32;NA
"171";"ester";"isobutyl acetate";"8038";"110-19-0";"InChI=1S/C6H12O2/c1-5(2)4-8-6(3)7/h5H,4H2,1-3H3";"InChIKey=GJRQTCIYDGXPES-UHFFFAOYSA-N";"C(OC(C)=O)C(C)C";"";"C6H12O2";116.16;115;-99;0.000454;NA;-541.8;0;2;3;26.3;129.46;17.8;NA
"172";"ester";"isopentyl acetate";"31276";"123-92-2";"InChI=1S/C7H14O2/c1-6(2)4-5-9-7(3)8/h6H,4-5H2,1-3H3";"InChIKey=MLFHJEHSLIIPHL-UHFFFAOYSA-N";"C(C(C)C)COC(=O)C";"ISOE";"C7H14O2";130.18;142.5;-78;0.000587;NA;NA;0;2;4;26.3;147.74;5.6;NA
"173";"ester";"E2-hexenyl acetate";"2733294";"2497-18-9";"InChI=1S/C8H14O2/c1-3-4-5-6-7-10-8(2)9/h5-6H,3-4,7H2,1-2H3/b6-5-";"InChIKey=HRHOWZHRCRZVCU-WAYWQWQTSA-N";"C(OC(=O)C)\C=C/CCC";"EHAE";"C8H14O2";142.2;156;NA;NA;NA;NA;0;2;5;26.3;175.02;NA;NA
"174";"ester";"methyl butyrate";"12180";"623-42-7";"InChI=1S/C5H10O2/c1-3-4-5(6)7-2/h3-4H2,1-2H3";"InChIKey=UUIQMZJEGPQKFD-UHFFFAOYSA-N";"C(C(OC)=O)CC";"MEBE";"C5H10O2";102.13;102;-85.8;0.000205;NA;-497.1;0;2;3;26.3;114.05;32.3;NA
"175";"ester";"ethyl butyrate";"7762";"105-54-4";"InChI=1S/C6H12O2/c1-3-5-6(7)8-4-2/h3-5H2,1-2H3";"InChIKey=OBNCKNCVKJNDBV-UHFFFAOYSA-N";"C(C)CC(OCC)=O";"ETBE";"C6H12O2";116.16;120;-93;0.000399;-485;-528.4;0;2;4;26.3;131.06;12.8;NA
"176";"ester";"hexyl butyrate";"17525";"2639-63-6";"InChI=1S/C10H20O2/c1-3-5-6-7-9-12-10(11)8-4-2/h3-9H2,1-2H3";"InChIKey=XAPCMTMQBXLDBB-UHFFFAOYSA-N";"C(C)CCCCOC(=O)CCC";"HxBE";"C10H20O2";172.26;205;-78;NA;NA;NA;0;2;8;26.3;203.18;NA;NA
"177";"ester";"ethyl 3-hydroxybutyrate";"62572";"5405-41-4";"InChI=1S/C6H12O3/c1-3-9-6(8)4-5(2)7/h5,7H,3-4H2,1-2H3";"InChIKey=OMSUIQOIVADKIM-UHFFFAOYSA-N";"C(C(OCC)=O)C(C)O";"EHBE";"C6H12O3";132.16;170;NA;NA;NA;NA;1;3;4;46.5;135.59;NA;NA
"178";"ester";"ethyl propionate";"7749";"105-37-3";"InChI=1S/C5H10O2/c1-3-5(6)7-4-2/h3-4H2,1-2H3";"InChIKey=FKRCODPIKNYEAC-UHFFFAOYSA-N";"C(C)C(OCC)=O";"EtPE";"C5H10O2";102.13;99;-73;0.000251;NA;NA;0;2;3;26.3;113.59;35.9;NA
"179";"ester";"ethyl methanoate";"8025";"109-94-4";"InChI=1S/C3H6O2/c1-2-5-3-4/h3H,2H2,1H3";"InChIKey=WBJINCZRORDGAQ-UHFFFAOYSA-N";"C(OC=O)C";"";"C3H6O2";74.08;52;-80;0.000385;-398;-394.2;0;2;2;26.3;75.04;245;NA
"180";"ester";"methyl hexanoate";"7824";"106-70-7";"InChI=1S/C7H14O2/c1-3-4-5-6-7(8)9-2/h3-6H2,1-2H3";"InChIKey=NUKZAGXMHTUAFE-UHFFFAOYSA-N";"C(C)CCCC(OC)=O";"Me6E";"C7H14O2";130.18;151;-71;0.000367;-494;-540.2;0;2;5;26.3;149.87;3.72;NA
"181";"ester";"ethyl hexanoate";"31265";"123-66-0";"InChI=1S/C8H16O2/c1-3-5-6-7-8(9)10-4-2/h3-7H2,1-2H3";"InChIKey=SHZIWNPUGXLXDT-UHFFFAOYSA-N";"C(C)CCCC(OCC)=O";"EtHE";"C8H16O2";144.21;168;-67;0.000723;NA;NA;0;2;6;26.3;166.87;1.56;NA
"182";"ester";"hexyl hexanoate";"22873";"6378-65-0";"InChI=1S/C12H24O2/c1-3-5-7-9-11-14-12(13)10-8-6-4-2/h3-11H2,1-2H3";"InChIKey=NCDCLPBOMHPFCV-UHFFFAOYSA-N";"C(C)CCCCOC(=O)CCCCC";"";"C12H24O2";200.32;245;-55;NA;NA;NA;0;2;10;26.3;238.99;NA;NA
"183";"ester";"methyl octanoate";"8091";"111-11-5";"InChI=1S/C9H18O2/c1-3-4-5-6-7-8-9(10)11-2/h3-8H2,1-2H3";"InChIKey=JGHZJRVDZXSNKQ-UHFFFAOYSA-N";"C(C(OC)=O)CCCCCC";"";"C9H18O2";158.24;194;-40;0.000783;NA;-620.5;0;2;7;26.3;185.68;NA;NA
"184";"ester";"ethyl octanoate";"7799";"106-32-1";"InChI=1S/C10H20O2/c1-3-5-6-7-8-9-10(11)12-4-2/h3-9H2,1-2H3";"InChIKey=YYZUSRORWSJGET-UHFFFAOYSA-N";"C(C)OC(=O)CCCCCCC";"";"C10H20O2";172.26;206;-48;0.00127;-570;-629.5;0;2;8;26.3;202.69;0.21;NA
"185";"ester";"ethyl decanoate";"8048";"110-38-3";"InChI=1S/C12H24O2/c1-3-5-6-7-8-9-10-11-12(13)14-4-2/h3-11H2,1-2H3";"InChIKey=RGXWDWUGBIJHDO-UHFFFAOYSA-N";"C(CCCCCCCC)C(OCC)=O";"";"C12H24O2";200.32;224;-20;0.00225;-612;-679.6;0;2;10;26.3;238.5;0.03;NA
"186";"ester";"ethyl trans-2-butenoate";"429065";"623-70-1";"InChI=1S/C6H10O2/c1-3-5-6(7)8-4-2/h3,5H,4H2,1-2H3/b5-3+";"InChIKey=ZFDIRQKJPRINOQ-HWKANZROSA-N";"C(OC(\C=C\C)=O)C";"";"C6H10O2";114.14;142;NA;NA;-376;-420;0;2;3;26.3;136.04;NA;NA
"187";"ester";"ethyl lactate";"92831";"97-64-3";"InChI=1S/C5H10O3/c1-3-8-5(7)4(2)6/h4,6H,3H2,1-2H3";"InChIKey=LZCLXQDLBQLTDK-UHFFFAOYSA-N";"C(OC(C(C)O)=O)C";"";"C5H10O3";118.13;152;-26;5.83e-07;NA;NA;1;3;3;46.5;118.56;3.75;NA
"188";"ester";"diethyl succinate";"31249";"123-25-1";"InChI=1S/C8H14O4/c1-3-11-7(9)5-6-8(10)12-4-2/h3-6H2,1-2H3";"InChIKey=DKMROQRQHGEIOW-UHFFFAOYSA-N";"C(CC(OCC)=O)C(OCC)=O";"";"C8H14O4";174.19;218;-20;5.27e-07;NA;NA;0;4;7;52.6;183.64;0.04;NA
"189";"ester";"octyl acetate";"8164";"112-14-1";"InChI=1S/C10H20O2/c1-3-4-5-6-7-8-9-12-10(2)11/h3-9H2,1-2H3";"InChIKey=YLYBTZIQSIBWLI-UHFFFAOYSA-N";"C(CCCCCC)COC(C)=O";"OcAE";"C10H20O2";172.26;211;-38.5;NA;NA;NA;0;2;8;26.3;204.15;NA;NA
"190";"ester";"decyl acetate";"8167";"112-17-4";"InChI=1S/C12H24O2/c1-3-4-5-6-7-8-9-10-11-14-12(2)13/h3-11H2,1-2H3";"InChIKey=NUPSHWCALHZGOV-UHFFFAOYSA-N";"C(OC(C)=O)CCCCCCCCC";"DeAE";"C12H24O2";200324;244;-15;0.00225;NA;NA;0;2;10;26.3;239.96;0;NA
"191";"ester";"methyl propionate";"11124";"554-12-1";"InChI=1S/C4H8O2/c1-3-4(5)6-2/h3H2,1-2H3";"InChIKey=RJUFJBKOKNCXHH-UHFFFAOYSA-N";"C(C)C(OC)=O";"Me3E";"C4H8O2";88.11;79;-88;0.000174;NA;-471.1;0;2;2;26.3;96.59;84;NA
"192";"ester";"propyl butanoate";"7770";"105-66-8";"InChI=1S/C7H14O2/c1-3-5-7(8)9-6-4-2/h3-6H2,1-2H3";"InChIKey=HUAZGNHGCJGYNP-UHFFFAOYSA-N";"C(C(OCCC)=O)CC";"PrBE";"C7H14O2";130.18;142;-95.2;0.000636;NA;NA;0;2;5;26.3;149.46;5.95;NA
"193";"ester";"propyl pentanoate";"67328";"141-06-0";"InChI=1S/C8H16O2/c1-3-5-6-8(9)10-7-4-2/h3-7H2,1-2H3";"InChIKey=ROJKPKOYARNFNB-UHFFFAOYSA-N";"C(C(OCCC)=O)CCC";"Pr5E";"C8H16O2";144.21;167.5;-70.7;NA;NA;-582.96;0;2;6;26.3;167.37;NA;NA
"194";"ester";"butyl hexanoate";"12294";"626-82-4";"InChI=1S/C10H20O2/c1-3-5-7-8-10(11)12-9-6-4-2/h3-9H2,1-2H3";"InChIKey=RPRPDTXKGSIXMD-UHFFFAOYSA-N";"C(C)CCOC(=O)CCCCC";"Bu6E";"C10H20O2";172.26;208;-64.3;0.00127;NA;NA;0;2;8;26.3;203.18;0.21;NA
"195";"N ring";"indole";"798";"120-72-9";"InChI=1S/C8H7N/c1-2-4-8-7(3-1)5-6-9-8/h1-6,9H";"InChIKey=SIKJAQJRHWYJAI-UHFFFAOYSA-N";"C1=C[NH]C2=C1C=CC=C2";"";"C8H7N";117.15;253;51;5.28e-07;NA;NA;1;1;0;15.8;112.41;0.01;NA
"196";"ester";"Z11-hexdecenyl acetate";"5364711";"34010-21-4";"InChI=1S/C18H34O2/c1-3-4-5-6-7-8-9-10-11-12-13-14-15-16-17-20-18(2)19/h6-7H,3-5,8-17H2,1-2H3/b7-6-";"InChIKey=BTKXLQSCEOHKTF-SREVYHEPSA-N";"C(CCCCCCCCC\C=C/CCCC)OC(C)=O";"";"C18H34O2";282.46;NA;NA;NA;NA;NA;0;2;15;26.3;354.25;NA;NA
"197";"ester";"2-methyl butyl acetate";"12209";"624-41-9";"InChI=1S/C7H14O2/c1-4-6(2)5-9-7(3)8/h6H,4-5H2,1-3H3";"InChIKey=XHIUFYZDQBSEMF-UHFFFAOYSA-N";"C(C(CC)C)OC(C)=O";"MBAE";"C7H14O2";130.18;140;-70.8;NA;NA;NA;0;2;4;26.3;147.17;NA;NA
"198";"ester";"propyl propionate";"7803";"106-36-5";"InChI=1S/C6H12O2/c1-3-5-8-6(7)4-2/h3-5H2,1-2H3";"InChIKey=MCSINKKTEDDPNK-UHFFFAOYSA-N";"C(C)COC(CC)=O";"Pr3E";"C6H12O2";116.16;122;-76;0.000401;NA;-530.9;0;2;4;26.3;132;13.9;NA
"199";"ester";"sec-amyl acetate";"12278";"626-38-0";"InChI=1S/C7H14O2/c1-4-5-6(2)9-7(3)8/h6H,4-5H2,1-3H3";"InChIKey=GQKZRWSUJHVIPE-UHFFFAOYSA-N";"C(C(OC(C)=O)C)CC";"";"C7H14O2";130.18;130.5;-100;0.000793;NA;NA;0;2;4;26.3;147.87;9.78;NA
"200";"ester";"ethyl (R)-(-)-3-hydroxybutanoate";"440030";"24915-95-5";"InChI=1S/C6H12O3/c1-3-9-6(8)4-5(2)7/h5,7H,3-4H2,1-2H3/t5-/m1/s1";"InChIKey=OMSUIQOIVADKIM-RXMQYKEDSA-N";"[C@H](O)(CC(OCC)=O)C";"ESHE";"C6H12O3";132.16;NA;NA;NA;NA;NA;1;3;4;46.5;NA;NA;NA
"201";"ester";"ethyl (S)-(+)-3-hydroxybutanoate";"6950306";"56816-01-4";"InChI=1S/C6H12O3/c1-3-9-6(8)4-5(2)7/h5,7H,3-4H2,1-2H3/t5-/m0/s1";"InChIKey=OMSUIQOIVADKIM-YFKPBYRVSA-N";"[C@@H](O)(CC(OCC)=O)C";"ERHE";"C6H12O3";132.16;180;NA;NA;NA;NA;1;3;4;46.5;NA;NA;NA
"202";"ester";"ethyl 2-methylbutanoate";"24020";"7452-79-1";"InChI=1S/C7H14O2/c1-4-6(3)7(8)9-5-2/h6H,4-5H2,1-3H3";"InChIKey=HCRBXQFHJMCTLF-UHFFFAOYSA-N";"C(C(C(OCC)=O)C)C";"EMBE";"C7H14O2";130.18;133;NA;NA;-516.1;-560.4;0;2;4;26.3;145.52;NA;NA
"203";"ester";"butyl butanoate";"7983";"109-21-7";"InChI=1S/C8H16O2/c1-3-5-7-10-8(9)6-4-2/h3-7H2,1-2H3";"InChIKey=XUPYJHCZDLZNFP-UHFFFAOYSA-N";"C(C)CC(OCCCC)=O";"BuBE";"C8H16O2";144.21;164;-91.5;0.000687;NA;-590.4;0;2;6;26.3;167.37;1.81;NA
"204";"ester";"methyl pentanoate";"12206";"624-24-8";"InChI=1S/C6H12O2/c1-3-4-5-6(7)8-2/h3-5H2,1-2H3";"InChIKey=HNBDRPTVWVGKBR-UHFFFAOYSA-N";"C(C(OC)=O)CCC";"Me5E";"C6H12O2";116.16;128;NA;0.000318;-472;-514.2;0;2;4;26.3;131.96;19.1;NA
"205";"ester";"ethyl pentanoate";"10882";"539-82-2";"InChI=1S/C7H14O2/c1-3-5-6-7(8)9-4-2/h3-6H2,1-2H3";"InChIKey=ICMAFTSLXCXHRK-UHFFFAOYSA-N";"C(C(OCC)=O)CCC";"Et5E";"C7H14O2";130.18;144;-91.2;0.000372;-507;-554.1;0;2;5;26.3;148.97;4.8;NA
"206";"ester";"methyl 3-hydroxy hexanoate";"519845";"21188-58-9";"InChI=1S/C7H14O3/c1-3-4-6(8)5-7(9)10-2/h6,8H,3-5H2,1-2H3";"InChIKey=ACCRBMDJCPPJDX-UHFFFAOYSA-N";"C(C(CCC)O)C(OC)=O";"M3HE";"C7H14O3";146.18;NA;NA;NA;NA;NA;1;3;5;46.5;154.17;NA;NA
"207";"ester";"ethyl 3-hydroxyhexanoate";"61293";"2305-25-1";"InChI=1S/C8H16O3/c1-3-5-7(9)6-8(10)11-4-2/h7,9H,3-6H2,1-2H3";"InChIKey=LYRIITRHDCNUHV-UHFFFAOYSA-N";"C(C(CCC)O)C(OCC)=O";"E3HE";"C8H16O3";160.21;NA;NA;NA;NA;NA;1;3;6;46.5;171.18;NA;NA
"208";"ester";"propyl hexanoate";"12293";"626-77-7";"InChI=1S/C9H18O2/c1-3-5-6-7-9(10)11-8-4-2/h3-8H2,1-2H3";"InChIKey=HTUIWRWYYVBCFT-UHFFFAOYSA-N";"C(C)CCCC(OCCC)=O";"Pr6E";"C9H18O2";158.24;187;-69;0.00096;NA;NA;0;2;7;26.3;185.28;2;NA
"209";"ester";"methyl heptanoate";"7826";"106-73-0";"InChI=1S/C8H16O2/c1-3-4-5-6-7-8(9)10-2/h3-7H2,1-2H3";"InChIKey=XNCNNDVCAUWAIT-UHFFFAOYSA-N";"C(C(OC)=O)CCCCC";"Me7E";"C8H16O2";144.21;172;-56;0.000723;-517;-567.1;0;2;6;26.3;167.77;1.56;NA
"210";"ester";"ethyl heptanoate";"7797";"106-30-9";"InChI=1S/C9H18O2/c1-3-5-6-7-8-9(10)11-4-2/h3-8H2,1-2H3";"InChIKey=TVQGDYNRXLTQAP-UHFFFAOYSA-N";"C(C(OCC)=O)CCCCC";"Et7E";"C9H18O2";158.24;188;-66;NA;-548;-603.8;0;2;7;26.3;184.78;NA;NA
"211";"ester";"isoamyl tiglate";"5463682";"41519-18-0";"InChI=1S/C10H18O2/c1-5-9(4)10(11)12-7-6-8(2)3/h5,8H,6-7H2,1-4H3/b9-5+";"InChIKey=ZARFDQHJMNVNLE-WEVVVXLNSA-N";"C(OC(C(=C/C)/C)=O)CC(C)C";"IATE";"C10H18O2";170.25;204;NA;NA;NA;NA;0;2;5;26.3;NA;NA;NA
"212";"ester";"isopropyl butyrate";"61184";"638-11-9";"InChI=1S/C7H14O2/c1-4-5-7(8)9-6(2)3/h6H,4-5H2,1-3H3";"InChIKey=FFOPEPMHKILNIT-UHFFFAOYSA-N";"C(C(OC(C)C)=O)CC";"IPBE";"C7H14O2";130.18;130;NA;NA;NA;-571.1;0;2;4;26.3;146.38;NA;NA
"213";"ester";"methyl tiglate";"5323652";"6622-76-0";"InChI=1S/C6H10O2/c1-4-5(2)6(7)8-3/h4H,1-3H3/b5-4-";"InChIKey=YYJWBYNQJLBIGS-PLNGDYQASA-N";"C\C(C(OC)=O)=C\C";"MTIE";"C6H10O2";114.14;139;NA;NA;NA;NA;0;2;2;26.3;141.22;NA;NA
"214";"ester";"ethyl 2-methyl-2E-butenoate";"5281163";"5837-78-5";"InChI=1S/C7H12O2/c1-4-6(3)7(8)9-5-2/h4H,5H2,1-3H3/b6-4+";"InChIKey=OAPHLAAOJMTMLY-GQCTYLIASA-N";"C(OC(C(=C/C)/C)=O)C";"EM2E";"C7H12O2";128.17;154;NA;NA;NA;NA;0;2;3;26.3;158.23;NA;NA
"215";"ester";"isopropyl tiglate";"5367745";"1733-25-1";"InChI=1S/C8H14O2/c1-6(2)5-8(9)10-7(3)4/h5,7H,1-4H3";"InChIKey=QQVQBUXUAZCLLZ-UHFFFAOYSA-N";"CC(OC(=O)C=C(C)C)C";"IPTE";"C8H14O2";142.2;NA;NA;NA;NA;NA;0;2;3;26.3;173.55;NA;NA
"216";"ester";"ethyl isovalerate";"7945";"108-64-5";"InChI=1S/C7H14O2/c1-4-9-7(8)5-6(2)3/h6H,4-5H2,1-3H3";"InChIKey=PPXUHEORWJQRHJ-UHFFFAOYSA-N";"C(C(OCC)=O)C(C)C";"EIVE";"C7H14O2";130.18;131;-99;0.000711;-527.2;-571.3;0;2;4;26.3;145.35;8.3;NA
"217";"ester";"heptyl acetate";"8159";"112-06-1";"InChI=1S/C9H18O2/c1-3-4-5-6-7-8-11-9(2)10/h3-8H2,1-2H3";"InChIKey=ZCZSIDMEHXZRLG-UHFFFAOYSA-N";"C(CCCCC)COC(C)=O";"HpAE";"C9H18O2";158243;193;-50.2;NA;NA;NA;0;2;7;26.3;186.24;NA;NA
"218";"ester";"Z3-hexenyl acetate";"5363388";"3681-71-8";"InChI=1S/C8H14O2/c1-3-4-5-6-7-10-8(2)9/h4-5H,3,6-7H2,1-2H3/b5-4-";"InChIKey=NPFVOOAXDOBMCE-PLNGDYQASA-N";"C(OC(=O)C)C\C=C/CC";"ZHAE";"C8H14O2";142.2;NA;NA;NA;NA;NA;0;2;5;26.3;174.6;NA;NA
"219";"ester";"hexyl methanoate";"61177";"629-33-4";"InChI=1S/C7H14O2/c1-2-3-4-5-6-9-7-8/h7H,2-6H2,1H3";"InChIKey=OUGPMNMLWKSBRI-UHFFFAOYSA-N";"C(CCOC=O)CCC";"HxME";"C7H14O2";130.18;155;-63;NA;NA;NA;0;2;6;26.3;147.16;NA;NA
"220";"ester";"butyl heptanoate";"21596";"5454-28-4";"InChI=1S/C11H22O2/c1-3-5-7-8-9-11(12)13-10-6-4-2/h3-10H2,1-2H3";"InChIKey=YPQSPODHFDGVAC-UHFFFAOYSA-N";"C(C)CCCCC(OCCCC)=O";"Bu7E";"C11H22O2";186.29;226;-67.5;0.00169;NA;NA;0;2;9;26.3;221.09;0.08;NA
"221";"ester";"nonyl acetate";"8918";"143-13-5";"InChI=1S/C11H22O2/c1-3-4-5-6-7-8-9-10-13-11(2)12/h3-10H2,1-2H3";"InChIKey=GJQIMXVRFNLMTB-UHFFFAOYSA-N";"C(CCCOC(C)=O)CCCCC";"NoAE";"C11H22O2";186.29;212;-26;NA;NA;NA;0;2;9;26.3;222.05;NA;NA
"222";"ester";"propyl heptanoate";"229377";"7778-87-2";"InChI=1S/C10H20O2/c1-3-5-6-7-8-10(11)12-9-4-2/h3-9H2,1-2H3";"InChIKey=UWZVPQKWYFZLLW-UHFFFAOYSA-N";"C(OC(=O)CCCCCC)CC";"Pr7E";"C10H20O2";172.26;208;-64;NA;NA;NA;0;2;8;26.3;203.18;NA;NA
"223";"ester";"butyl valerate";"61137";"591-68-4";"InChI=1S/C9H18O2/c1-3-5-7-9(10)11-8-6-4-2/h3-8H2,1-2H3";"InChIKey=OKJADYKTJJGKDX-UHFFFAOYSA-N";"C(OC(CCCC)=O)CCC";"Bu5E";"C9H18O2";158.24;186;-92.8;NA;-560;-613;0;2;7;26.3;185.28;NA;NA
"224";"ester";"butyl propanoate";"11529";"590-01-2";"InChI=1S/C7H14O2/c1-3-5-6-9-7(8)4-2/h3-6H2,1-2H3";"InChIKey=BTMVHUNTONAYDX-UHFFFAOYSA-N";"C(C(OCCCC)=O)C";"BuPE";"C7H14O2";130.18;146.8;-89;0.000505;NA;NA;0;2;5;26.3;149.9;4.42;NA
"225";"O ring";"acetyl furan";"14505";"1192-62-7";"InChI=1S/C6H6O2/c1-5(7)6-3-2-4-8-6/h2-4H,1H3";"InChIKey=IEMMBWWQXVXBEU-UHFFFAOYSA-N";"C1=C(OC=C1)C(C)=O";"AcFL";"C6H6O2";110.11;173;26;NA;NA;NA;0;2;1;30.2;107.73;NA;NA
"226";"O ring";"beta-butyrolactone";"18303";"3068-88-0";"InChI=1S/C4H6O2/c1-3-2-4(5)6-3/h3H,2H2,1H3";"InChIKey=GSCLMSFRWBPUSK-UHFFFAOYSA-N";"CC1CC(O1)=O";"BBtL";"C4H6O2";86.09;163;-43.5;0.000103;NA;NA;0;2;0;26.3;95.35;1.65;NA
"227";"O ring";"gamma-valerolactone";"7921";"108-29-2";"InChI=1S/C5H8O2/c1-4-2-3-5(6)7-4/h4H,2-3H2,1H3";"InChIKey=GAEKPEKOJKCEMS-UHFFFAOYSA-N";"CC1OC(CC1)=O";"GVaL";"C5H8O2";100.12;207;-31;NA;-406.5;-461.3;0;2;0;26.3;104.93;NA;NA
"228";"O ring";"4-hydroxy-2,5-dimethyl-3(2H)-furanone";"19309";"3658-77-3";"InChI=1S/C6H8O3/c1-3-5(7)6(8)4(2)9-3/h3,8H,1-2H3";"InChIKey=INAXVXBDKKUCGI-UHFFFAOYSA-N";"CC1OC(=C(O)C1=O)C";"FolL";"C6H8O3";128.13;73;NA;NA;NA;NA;1;3;0;46.5;140.39;NA;NA
"229";"O ring";"gamma-pentyl-gamma-butyrolactone";"441574";"63357-97-1";"InChI=1S/C9H16O2/c1-2-3-4-5-8-6-7-9(10)11-8/h8H,2-7H2,1H3/t8-/m0/s1";"InChIKey=OALYTRUKMRCXNH-QMMMGPOBSA-N";"[C@H]1(OC(CC1)=O)CCCCC";"PeBL";"C9H16O2";156.22;NA;NA;NA;NA;NA;0;2;4;26.3;NA;NA;NA
"230";"O ring";"gamma-propyl-gamma-butyrolactone";"7742";"105-21-5";"InChI=1S/C7H12O2/c1-2-3-6-4-5-7(8)9-6/h6H,2-5H2,1H3";"InChIKey=VLSVVMPLPMNWBH-UHFFFAOYSA-N";"C(CC1OC(CC1)=O)C";"PrBL";"C7H12O2";128.17;NA;NA;NA;NA;NA;0;2;2;26.3;141.81;NA;NA
"231";"other";"oil";"solvent";"solvent";"solvent";"solvent";"solvent";"";"";NA;NA;NA;NA;NA;NA;NA;NA;NA;NA;NA;NA;NA
"232";"other";"heptane";"8900";"142-82-5";"InChI=1S/C7H16/c1-3-5-7-6-4-2/h3-7H2,1-2H3";"InChIKey=IMNFDUFMRHMDMM-UHFFFAOYSA-N";"C(C)CCCCC";"HepK";"C7H16";NA;NA;NA;NA;NA;NA;NA;NA;NA;NA;NA;NA;NA
"233";"other";"octane";"356";"111-65-9";"InChI=1S/C8H18/c1-3-5-7-8-6-4-2/h3-8H2,1-2H3";"InChIKey=TVMXDCGIABBOFY-UHFFFAOYSA-N";"C(CCCC)CCC";"OctK";"C8H18";114.23;125;-57;3.21;-208.4;-250.3;0;0;5;0;150.11;14.1;NA
"234";"other";"nonane";"8141";"111-84-2";"InChI=1S/C9H20/c1-3-5-7-9-8-6-4-2/h3-9H2,1-2H3";"InChIKey=BKIMMITUMNQMOS-UHFFFAOYSA-N";"C(C)CCCCCCC";"NonK";"C9H20";128.26;151;-53;3.4;NA;-274.7;0;0;6;0;168.01;4.45;NA
"235";"other";"carbon dioxide";"280";"124-38-9";"InChI=1S/CO2/c2-1-3";"InChIKey=CURLTUGMZLYLDI-UHFFFAOYSA-N";"O=C=O";"";"CO2";44.01;NA;-78.5;NA;-393.51;NA;0;2;0;34.1;NA;NA;NA
"236";"N ring";"2-isobutyl-3-methoxypyrazine";"32594";"24683-00-9";"InChI=1S/C9H14N2O/c1-7(2)6-8-9(12-3)11-5-4-10-8/h4-5,7H,6H2,1-3H3";"InChIKey=UXFSPRAGHGMRSQ-UHFFFAOYSA-N";"C1=NC(=C(OC)N=C1)CC(C)C";"";"C9H14N2O";166.22;214;NA;4.89e-05;NA;NA;0;3;3;35;166.86;0.04;NA
"237";"N ring";"pyrrolidine";"31268";"123-75-1";"InChI=1S/C4H9N.ClH/c1-2-4-5-3-1;/h5H,1-4H2;1H";"InChIKey=FCLZCOCSZQNREK-UHFFFAOYSA-N";"[H+].C1NCCC1.[Cl-]";"";"C4H9N";71.12;87;-57.8;2.39e-06;-3.4;-41;1;1;0;12;85.28;62.7;11.31
"238";"other";"11-cis Vaccenyl Acetate";"5363286";"6186-98-7";"InChI=1S/C20H38O2/c1-3-4-5-6-7-8-9-10-11-12-13-14-15-16-17-18-19-22-20(2)21/h8-9H,3-7,10-19H2,1-2H3/b9-8-";"InChIKey=QSZKEDWVAOAFQY-HJWRWDBZSA-N";"C(CCCC\C=C/CCCCCC)CCCCCOC(C)=O";"cVA";"C20H38O2";310.5;NA;NA;NA;NA;NA;NA;NA;NA;NA;NA;NA;NA
"239";"alcohol";"oleyl alcohol";"5284499";"143-28-2";"InChI=1S/C18H36O/c1-2-3-4-5-6-7-8-9-10-11-12-13-14-15-16-17-18-19/h9-10,19H,2-8,11-18H2,1H3/b10-9-";"InChIKey=ALSTYHKOOCGGFT-KTKRTIGZSA-N";"C(\C=C/CCCCCCCC)CCCCCCCO";"";"C18H36O";268.47;330;13;NA;NA;NA;1;1;15;20.2;NA;NA;NA
"240";"alcohol";"cis-vaccenyl alcohol";"5281127";"62972-93-4";"InChI=1S/C18H34O2/c1-2-3-4-5-6-7-8-9-10-11-12-13-14-15-16-17-18(19)20/h7-8H,2-6,9-17H2,1H3,(H,19,20)/b8-7+";"InChIKey=UWHZIFQPPBDJPM-BQYQJAHWSA-N";"C(CCC\C=C\CCCCCC)CCCCCC(O)=O";"";"C18H34O2";282.47;NA;NA;NA;NA;NA;NA;NA;NA;NA;NA;NA;NA
"241";"ester";"oleyl acetate";"5363289";"693-80-1";"InChI=1S/C20H38O2/c1-3-4-5-6-7-8-9-10-11-12-13-14-15-16-17-18-19-22-20(2)21/h10-11H,3-9,12-19H2,1-2H3/b11-10-";"InChIKey=GYGAZRPDUOHMAF-KHPPLWFESA-N";"C(CC\C=C/CCCCCCCC)CCCCCOC(C)=O";"";"C20H38O2";310.51;NA;NA;NA;NA;NA;0;2;17;26.3;NA;NA;NA
"242";"acid";"cis-vaccenic acid";"5282761";"506-17-2";"InChI=1S/C18H34O2/c1-2-3-4-5-6-7-8-9-10-11-12-13-14-15-16-17-18(19)20/h7-8H,2-6,9-17H2,1H3,(H,19,20)/b8-7-";"InChIKey=UWHZIFQPPBDJPM-FPLPWBNLSA-N";"C(CCCC\C=C/CCCCCC)CCCCC(O)=O";"";"C18H34O2";282.46;NA;NA;NA;NA;NA;1;2;15;37.3;NA;NA;NA
"243";"other";"trans-methyl vaccenate";"5364432";"6198-58-9";"InChI=1S/C19H36O2/c1-3-4-5-6-7-8-9-10-11-12-13-14-15-16-17-18-19(20)21-2/h8-9H,3-7,10-18H2,1-2H3/b9-8+";"InChIKey=PVVODBCDJBGMJL-CMDGGOBGSA-N";"C(CCCC\C=C\CCCCCC)CCCCC(OC)=O";"";"C19H36O2";296.49;NA;NA;NA;NA;NA;0;2;16;26.3;NA;NA;NA
"244";"other";"hexane";"8058";"110-54-3";"InChI=1S/C6H14/c1-3-5-6-4-2/h3-6H2,1-2H3";"InChIKey=VLKZOEOYAKHREP-UHFFFAOYSA-N";"C(C)CCCC";"HexK";"C6H14";86.18;69;-95;NA;NA;NA;0;0;3;0;NA;NA;NA
"245";"O ring";"thymol";"6989";"89-83-8";"InChI=1S/C10H14O/c1-7(2)9-5-4-8(3)6-10(9)11/h4-7,11H,1-3H3";"InChIKey=MGSRCZKZVOBKFT-UHFFFAOYSA-N";"C1=C(C(=CC(=C1)C)O)C(C)C";"";"C10H14O";150.22;232;48;NA;NA;NA;1;1;1;20.2;NA;NA;NA
"246";"O ring";"benzophenone";"3102";"119-61-9";"InChI=1S/C13H10O/c14-13(11-7-3-1-4-8-11)12-9-5-2-6-10-12/h1-10H";"InChIKey=RWCCWEUUXYIKHB-UHFFFAOYSA-N";"C1=CC=CC=C1C(C2=CC=CC=C2)=O";"";"C13H10O";182.22;305;47;NA;NA;NA;0;1;2;17.1;NA;NA;NA
"247";"alcohol";"isopropyl alcohol";"3776";"67-63-0";"InChI=1S/C3H8O/c1-3(2)4/h3-4H,1-2H3";"InChIKey=KFZMGEQAYNKOFK-UHFFFAOYSA-N";"CC(C)O";"";"C3H8O";60.1;82;-89.5;NA;NA;NA;1;1;0;20.2;NA;NA;NA
"248";"other";"methional";"18635";"3268-49-3";"InChI=1S/C4H8OS/c1-6-4-2-3-5/h3H,2,4H2,1H3";"InChIKey=CLUWOWRTHNNBBU-UHFFFAOYSA-N";"C(CC=O)SC";"";"C4H8OS";104.17;165;NA;NA;NA;NA;0;1;3;17.1;NA;NA;NA
"249";"O ring";"menthol";"16666";"89-78-1";"InChI=1S/C10H20O/c1-7(2)9-5-4-8(3)6-10(9)11/h7-11H,4-6H2,1-3H3/t8-,9+,10-/m1/s1";"InChIKey=NOOLISFMXDJSKH-KXUCPTDWSA-N";"[C@@H]1([C@@H](C[C@H](C)CC1)O)C(C)C";"";"C10H20O";156.27;216;34;NA;NA;NA;1;1;1;20.2;NA;NA;NA
