"Class";"Name";"InChIKey";"CID";"CAS";"Bruyne.2001.RR";"Dobritsa.2003.EN";"Galizia.2009.nmr";"Gabler.2013.AL";"Bruyne.2001.WT";"Marshall.2010.WT1";"Marshall.2010.WT2"
"1";NA;"SFR";"SFR";"SFR";"SFR";NA;NA;NA;NA;3;NA;NA
"2";"other";"water";"XLYOFNOQVPJJNP-UHFFFAOYSA-N";"962";"7732-18-5";NA;NA;NA;NA;NA;24;NA
"3";"amine";"ammonium hydroxide";"VHUUQVKOLVNVRT-UHFFFAOYSA-N";"14923";"1336-21-6";NA;NA;NA;NA;NA;16.857;-7
"4";"amine";"putrescine";"KIDHWZJUCRJVML-UHFFFAOYSA-N";"1045";"110-60-1";0;NA;NA;NA;NA;10.571;NA
"5";"amine";"cadaverine";"VHRGRCVQAFMJIZ-UHFFFAOYSA-N";"273";"462-94-2";NA;NA;NA;NA;NA;NA;NA
"6";"amine";"ammonia";"QGZKDVFQNNGYKY-UHFFFAOYSA-N";"222";"7664-41-7";0;NA;NA;NA;NA;NA;NA
"7";"amine";"ethanolamine";"HZAXFHJVJLSVMW-UHFFFAOYSA-N";"700";"141-43-5";0;NA;NA;NA;NA;NA;NA
"8";"amine";"heptylamine";"WJYIASZWHGOTOU-UHFFFAOYSA-N";"8127";"111-68-2";NA;NA;NA;NA;NA;NA;NA
"9";"amine";"isoamylamine";"BMFVGAAISNGQNM-UHFFFAOYSA-N";"7894";"107-85-7";NA;NA;NA;NA;NA;NA;NA
"10";"amine";"dimethylamine";"ROSDSFDQCJNGOL-UHFFFAOYSA-N";"674";"124-40-3";NA;NA;NA;NA;NA;NA;NA
"11";"O ring";"gamma-butyrolactone";"YEJRWHAVMIAJKC-UHFFFAOYSA-N";"7302";"96-48-0";NA;NA;NA;NA;NA;NA;NA
"12";"O ring";"gamma-hexalactone";"JBFHTYHTHYHCDJ-UHFFFAOYSA-N";"12756";"695-06-7";NA;NA;NA;NA;NA;NA;NA
"13";"O ring";"gamma-octalactone";"IPBFYZQJXZJBFQ-UHFFFAOYSA-N";"7704";"104-50-7";NA;NA;NA;NA;NA;NA;NA
"14";"O ring";"gamma-decalactone";"IFYYFLINQYPWGJ-UHFFFAOYSA-N";"12813";"706-14-9";NA;NA;NA;NA;NA;NA;NA
"15";"O ring";"delta-decalactone";"GHBSPIPJMLAMEP-UHFFFAOYSA-N";"12810";"705-86-2";NA;NA;NA;NA;NA;NA;NA
"16";"acid";"methanoic acid";"BDAGIHXWWSANSR-UHFFFAOYSA-N";"284";"64-18-6";NA;NA;NA;NA;NA;NA;NA
"17";"acid";"acetic acid";"QTBSBXVTEAMEQO-UHFFFAOYSA-N";"176";"64-19-7";NA;NA;0.0171306768142402;NA;NA;NA;NA
"18";"acid";"propanoic acid";"XBDQKXXYIPTUBI-UHFFFAOYSA-N";"1032";"79-09-4";NA;NA;0.0204794395515051;NA;NA;NA;NA
"19";"acid";"butyric acid";"FERIUCNNQQJTOY-UHFFFAOYSA-N";"264";"107-92-6";0;NA;0.0365961291902059;NA;NA;NA;NA
"20";"acid";"pentanoic acid";"NQPDZGIKBAWPEJ-UHFFFAOYSA-N";"7991";"109-52-4";NA;NA;0.0348897264902194;NA;NA;NA;NA
"21";"acid";"hexanoic acid";"FUZZWVXGSFPDMH-UHFFFAOYSA-N";"8892";"142-62-1";NA;NA;0.0383241132105815;NA;NA;NA;NA
"22";"acid";"heptanoic acid";"MNWFXJYAOYHMED-UHFFFAOYSA-N";"8094";"111-14-8";NA;NA;0.0466894293842878;NA;NA;NA;NA
"23";"acid";"octanoic acid";"WWZKQHOCKIZLMA-UHFFFAOYSA-N";"379";"124-07-2";NA;NA;0.0485609147140825;NA;NA;NA;NA
"24";"acid";"nonanoic acid";"FBUKVWPVBMHYJY-UHFFFAOYSA-N";"8158";"112-05-0";NA;NA;0.0497063018807221;NA;NA;NA;NA
"25";"acid";"linoleic acid";"OYHQOLUKZRVURQ-HZJYTTRNSA-N";"5280450";"60-33-3";NA;NA;NA;NA;NA;NA;NA
"26";"acid";"isobutyric acid";"KQNPFQTWMSNSAP-UHFFFAOYSA-N";"6590";"79-31-2";NA;NA;0.0226863630087632;NA;NA;NA;NA
"27";"acid";"isopentanoic acid";"GWYFCOCPABKNJV-UHFFFAOYSA-N";"10430";"503-74-2";NA;NA;NA;NA;NA;NA;NA
"28";"acid";"pyruvic acid";"LCTONWCANYUPML-UHFFFAOYSA-N";"1060";"127-17-3";NA;NA;NA;NA;NA;NA;NA
"29";"acid";"2-ethylhexanoic acid";"OBETXYAYXDNJHR-UHFFFAOYSA-N";"8697";"149-57-5";NA;NA;NA;NA;NA;NA;NA
"30";"acid";"lactic acid";"JVTAAEKCZFNVCJ-UHFFFAOYSA-N";"612";"50-21-5";NA;NA;NA;NA;NA;NA;NA
"31";"sulfid";"3-methylthio-1-propanol";"CZUGFKJYCPYHHV-UHFFFAOYSA-N";"10448";"505-10-2";0;NA;NA;NA;NA;NA;NA
"32";"sulfid";"dimethyl sulfide";"QMMFVYPAHWMCMS-UHFFFAOYSA-N";"1068";"75-18-3";NA;NA;NA;NA;NA;NA;NA
"33";"sulfid";"dipropyldisulphide";"ALVPFGSHPUPROW-UHFFFAOYSA-N";"12377";"629-19-6";0;NA;NA;NA;NA;NA;NA
"34";"sulfid";"propanethiol";"SUVIGLJNEAMWEG-UHFFFAOYSA-N";"7848";"107-03-9";0;NA;NA;NA;NA;NA;NA
"35";"terpene";"terpinolene";"MOYAFQVGZZPNRA-UHFFFAOYSA-N";"11463";"586-62-9";NA;NA;NA;NA;NA;NA;NA
"36";"terpene";"alpha-pinene";"GRWFGVWFFZKLTI-UHFFFAOYSA-N";"6654";"80-56-8";NA;NA;NA;NA;NA;NA;NA
"37";"terpene";"beta-pinene";"WTARULDDTDQWMU-UHFFFAOYSA-N";"14896";"127-91-3";NA;NA;NA;NA;NA;NA;NA
"38";"terpene";"3-carene";"BQOFWKZOCNGFEC-UHFFFAOYSA-N";"443156";"13466-78-9";NA;NA;NA;NA;NA;NA;NA
"39";"terpene";"limonene";"XMGQYMWWDOXHJM-UHFFFAOYSA-N";"22311";"138-86-3";0;NA;NA;NA;NA;NA;NA
"40";"terpene";"alpha-humulene";"FAMPSKZZVDUYOS-HRGUGZIWSA-N";"5281520";"6753-98-6";NA;NA;NA;NA;NA;NA;NA
"41";"terpene";"beta-myrcene";"UAHWPYUMFXYFJY-UHFFFAOYSA-N";"31253";"123-35-3";NA;NA;NA;NA;NA;NA;NA
"42";"terpene";"(-)-trans-caryophyllene";"NPNUFJAVOOONJE-GFUGXAQUSA-N";"5281515";"87-44-5";NA;NA;0.0378068696152977;NA;NA;NA;NA
"43";"terpene";"p-cymene";"HFPZCAJZSCWRBC-UHFFFAOYSA-N";"7463";"99-87-6";NA;NA;NA;NA;NA;NA;NA
"44";"terpene";"geranyl acetate";"HIGQPQRQIQDZMP-DHZHZOJOSA-N";"1549026";"105-87-3";0;44;NA;NA;12;16.571;NA
"45";"terpene";"alpha-terpineol";"WUOACPNHFRMFPN-SECBINFHSA-N";"443162";"10482-56-1";NA;NA;0.031349321446264;NA;NA;NA;NA
"46";"terpene";"geraniol";"GLZPCOQZEFWAFX-JXMROGBWSA-N";"637566";"106-24-1";NA;NA;0.0490997782349414;NA;NA;NA;NA
"47";"terpene";"nerol";"GLZPCOQZEFWAFX-YFHOEESVSA-N";"643820";"106-25-2";NA;NA;NA;NA;NA;NA;NA
"48";"terpene";"linalool";"CDOSHBSSFJOMGT-UHFFFAOYSA-N";"6549";"78-70-6";0;NA;0.0704672335686842;NA;NA;NA;NA
"49";"terpene";"beta-citronellol";"QMVPMAAFGQKVCJ-SNVBAGLBSA-N";"8842";"106-22-9";0;NA;0.0712919078509987;NA;NA;NA;NA
"50";"terpene";"linalool oxide";"BRHDDEIRQPDPMG-UHFFFAOYSA-N";"22310";"60047-17-8";NA;NA;NA;NA;NA;NA;NA
"51";"terpene";"(R)-(-)-carvone";"ULDHMXUKGWMISQ-SECBINFHSA-N";"439570";"6485-40-1";NA;NA;0.050433995294843;NA;NA;NA;NA
"52";"terpene";"(S)-(+)-carvone";"ULDHMXUKGWMISQ-VIFPVBQESA-N";"16724";"2244-16-8";NA;NA;0.0516855313521514;NA;NA;NA;NA
"53";"terpene";"1,8-cineole";"WEEGYLXZBRQIMU-WAAGHKOSSA-N";"2758";"470-82-6";0;NA;0.0519037694274933;NA;NA;NA;NA
"54";"terpene";"1,4-cineol";"RFFOTVCVTJUTAD-UHFFFAOYSA-N";"10106";"470-67-7";NA;NA;NA;NA;NA;NA;NA
"55";"terpene";"citral";"WTEVQBCEXWBHNA-JXMROGBWSA-N";"638011";"5392-40-5";NA;NA;0.253661277301216;NA;NA;NA;NA
"56";"terpene";"(S)-(-)-citronellal";"NEHNMFOYXAPHSD-JTQLQIEISA-N";"443157";"5949-05-3";NA;NA;0.057013948307402;NA;NA;NA;NA
"57";"terpene";"(1R)-(-)-fenchone";"LHXDLQBQYFFVNW-OIBJUYFYSA-N";"14525";"7787-20-4";NA;NA;0.0345432605160772;NA;NA;NA;NA
"58";"terpene";"(R)-(+)-limonene";"XMGQYMWWDOXHJM-JTQLQIEISA-N";"440917";"5989-27-5";NA;NA;0.0289121034066973;NA;NA;NA;NA
"59";"terpene";"(-)-menthone";"NFLGAXVYCFJBMK-BDAKNGLRSA-N";"26447";"14073-97-3";NA;NA;NA;NA;NA;NA;NA
"60";"terpene";"(1R)-(-)-myrtenal";"KMRMUZKLFIEVAO-UHFFFAOYSA-N";"61130";"564-94-3";NA;NA;0.0207181693043857;NA;NA;NA;NA
"61";"terpene";"(+)-alpha-pinene";"GRWFGVWFFZKLTI-RKDXNWHRSA-N";"82227";"7785-70-8";0;NA;0.0285884020251492;NA;NA;NA;NA
"62";"terpene";"(R)-(+)-pulegon";"NZGWDASTMWDZIW-MRVPVSSYSA-N";"442495";"89-82-7";NA;NA;0.0319145396019867;NA;NA;NA;NA
"63";"terpene";"(-)-alpha-thujone";"USMNOWBWPHYOEA-MRTMQBJTSA-N";"261491";"546-80-5";NA;NA;0.0737316957252422;NA;NA;NA;NA
"64";"terpene";"alpha-bisabolol";"RGZSQWQPBWRIAQ-CABCVRRESA-N";"10586";"23089-26-1";NA;NA;0.0453186371505857;NA;NA;NA;NA
"65";"terpene";"E,E-farnesol";"CRDAMVZIKSXKFV-YFVJMOTDSA-N";"445070";"106-28-5";NA;NA;0.0833437885412018;NA;NA;NA;NA
"66";"terpene";"alpha-ionone";"UZFLPKAIBPNNCA-BQYQJAHWSA-N";"5282108";"127-41-3";NA;NA;0.0397084321664208;NA;NA;NA;NA
"67";"terpene";"beta-ionone";"PSQYTAPXSHCGMF-BQYQJAHWSA-N";"638014";"79-77-6";NA;NA;0.0391306783373883;NA;NA;NA;NA
"68";"terpene";"L-limonen";"XMGQYMWWDOXHJM-SNVBAGLBSA-N";"439250";"5989-54-8";NA;NA;NA;NA;NA;NA;NA
"69";"aldehyde";"acetaldehyde";"IKHGUXGNUITLKF-UHFFFAOYSA-N";"177";"75-07-0";NA;NA;0.306553988607165;0.02;NA;NA;NA
"70";"aldehyde";"propanal";"NBBJYMSMWIIQGU-UHFFFAOYSA-N";"527";"123-38-6";NA;NA;0.0659107815408664;NA;NA;12.286;NA
"71";"aldehyde";"butanal";"ZTQSAGDEMFDKMZ-UHFFFAOYSA-N";"261";"123-72-8";NA;NA;0.0204702405516451;NA;NA;NA;NA
"72";"aldehyde";"pentanal";"HGBOYTHUEUWSSQ-UHFFFAOYSA-N";"8063";"110-62-3";NA;NA;0.0195280776710168;NA;NA;NA;NA
"73";"aldehyde";"hexanal";"JARKCYVAAOWBJS-UHFFFAOYSA-N";"6184";"66-25-1";NA;NA;0.012448426231002;NA;NA;NA;NA
"74";"aldehyde";"E2-hexenal";"MBDOYVRWFFCFHM-SNAWJCMRSA-N";"5281168";"6728-26-3";0;43;0.201719157155016;NA;21;NA;NA
"75";"O ring";"furfural";"HYBBIBNJHNGZAN-UHFFFAOYSA-N";"7362";"98-01-1";NA;NA;0.158477959503177;NA;NA;NA;NA
"76";"aldehyde";"2-propenal";"HGINCPLSRVDWNT-UHFFFAOYSA-N";"7847";"107-02-8";NA;NA;NA;NA;NA;NA;NA
"77";"aldehyde";"octanal";"NUJGJRNETVAIRJ-UHFFFAOYSA-N";"454";"124-13-0";NA;NA;0.0195197281314967;NA;NA;NA;NA
"78";"aldehyde";"decanal";"KSMVZQYAVGTKIV-UHFFFAOYSA-N";"8175";"112-31-2";NA;NA;0.0317108832974129;NA;NA;NA;NA
"79";"aldehyde";"heptanal";"FXHGMKSSBGDXIY-UHFFFAOYSA-N";"8130";"111-71-7";NA;NA;0.0471732106654635;NA;NA;NA;NA
"80";"aldehyde";"E2-octenal";"LVBXEMGDVWVTGY-VOTSOKGWSA-N";"5283324";"2548-87-0";0;NA;NA;NA;NA;NA;NA
"81";"aldehyde";"nonanal";"GYHFUZHODSMOHU-UHFFFAOYSA-N";"31289";"124-19-6";0;NA;0.0365657152424774;NA;NA;NA;NA
"82";"aldehyde";"E2-heptenal";"NDFKTBCGKNOHPJ-AATRIKPKSA-N";"5283316";"18829-55-5";NA;NA;NA;NA;NA;NA;NA
"83";"ketone";"acetone";"CSCPPACGZOOCGX-UHFFFAOYSA-N";"180";"67-64-1";0;NA;0.028209619458115;NA;NA;NA;8
"84";"ketone";"2-butanone";"ZWEHNKRNPOVVGH-UHFFFAOYSA-N";"6569";"78-93-3";NA;NA;0.213753300323434;NA;NA;NA;103
"85";"ketone";"2-pentanone";"XNLICIUVMPYHGG-UHFFFAOYSA-N";"7895";"107-87-9";NA;NA;NA;NA;NA;NA;NA
"86";"ketone";"2-heptanone";"CATSNJVOTSVZJV-UHFFFAOYSA-N";"8051";"110-43-0";0;22;0.0303896846889038;NA;10.667;NA;NA
"87";"ketone";"6-methyl-5-hepten-2-one";"UHEPJGULSIKKTP-UHFFFAOYSA-N";"9862";"110-93-0";NA;NA;NA;NA;NA;5.429;NA
"88";"ketone";"2,3-butanedione";"QSJXEFYPDANLFS-UHFFFAOYSA-N";"650";"431-03-8";147;222;1.24280422381079;NA;155.667;NA;NA
"89";"ketone";"3-hydroxy-2-butanone";"ROWKJAVDOGWPAT-UHFFFAOYSA-N";"179";"513-86-0";NA;NA;NA;NA;NA;NA;NA
"90";"ketone";"3-penten-2-one";"LABTWGUMFABVFG-ARJAWSKDSA-N";"12248";"625-33-2";NA;NA;0.341221358637177;NA;NA;NA;NA
"91";"ketone";"2-hexanone";"QQZOPKMRPOGIEB-UHFFFAOYSA-N";"11583";"591-78-6";NA;NA;0.0486029686913646;NA;NA;NA;NA
"92";"ketone";"3-hexanone";"PFCHFHIRKBAQGU-UHFFFAOYSA-N";"11509";"589-38-8";NA;NA;0.300248362931847;NA;NA;NA;NA
"93";"ketone";"cyclohexanone";"JHIVVAPYMSGYDF-UHFFFAOYSA-N";"7967";"108-94-1";0;NA;0.0238544694565894;NA;NA;NA;-3
"94";"ketone";"2-octanone";"ZPVFWPFBNIEHGJ-UHFFFAOYSA-N";"8093";"111-13-7";NA;NA;0.0330909648419433;NA;NA;NA;NA
"95";"ketone";"2-methyl-3-heptanone";"XYYMFUCZDNNGFS-UHFFFAOYSA-N";"25611";"13019-20-0";NA;NA;NA;NA;NA;NA;NA
"96";"ketone";"nonanone";"VKCYHJWLYTUGCC-UHFFFAOYSA-N";"13187";"821-55-6";NA;NA;0.0309302705347627;NA;NA;NA;NA
"97";"ketone";"3-heptanone";"NGAZZOYFWWSOGK-UHFFFAOYSA-N";"7802";"106-35-4";NA;NA;NA;NA;NA;NA;NA
"98";"ketone";"4-octanone";"YWXLSHOWXZUMSR-UHFFFAOYSA-N";"11516";"589-63-9";NA;NA;NA;NA;NA;NA;NA
"99";"arom";"phenethyl alcohol";"WRMNZCZEMHIOCP-UHFFFAOYSA-N";"6054";"60-12-8";NA;NA;0.0523183504837105;NA;NA;NA;NA
"100";"arom";"benzyl alcohol";"WVDDGKGOMKODPV-UHFFFAOYSA-N";"244";"100-51-6";NA;NA;0.0248060253029373;NA;NA;NA;NA
"101";"arom";"methyl salicylate";"OSWPMRLSEDHDFF-UHFFFAOYSA-N";"4133";"119-36-8";0;28;0.0317350514575251;NA;9;NA;NA
"102";"arom";"methyl benzoate";"QPJVMBTYPHYUOC-UHFFFAOYSA-N";"7150";"93-58-3";NA;NA;NA;NA;NA;NA;NA
"103";"arom";"ethyl benzoate";"MTZQAGJQAFMTAQ-UHFFFAOYSA-N";"7165";"93-89-0";NA;NA;0.0772394494869685;NA;NA;NA;NA
"104";"arom";"phenethyl acetate";"MDHYEMXUFSJLGV-UHFFFAOYSA-N";"7654";"103-45-7";NA;NA;NA;NA;NA;NA;NA
"105";"arom";"benzaldehyde";"HUMNYLRZRPPJDN-UHFFFAOYSA-N";"240";"100-52-7";0;NA;0.0181780344351557;0.03;NA;17.143;-3
"106";"arom";"phenylacetaldehyde";"DTUQWGWMVIHBKE-UHFFFAOYSA-N";"998";"122-78-1";30;NA;0.0496714676844844;NA;NA;NA;NA
"107";"arom";"acetophenone";"KWOLFJPFCHCOCG-UHFFFAOYSA-N";"7410";"98-86-2";0;NA;NA;NA;NA;NA;NA
"108";"arom";"ethyl cinnamate";"KBEBGUQPQBELIU-CMDGGOBGSA-N";"637758";"103-36-6";NA;NA;NA;NA;NA;NA;NA
"109";"arom";"2-methylphenol";"QWVGKYWNOKOFNN-UHFFFAOYSA-N";"335";"95-48-7";NA;NA;NA;NA;NA;16;NA
"110";"arom";"4-ethylguaiacol";"CHWNEIVBYREQRF-UHFFFAOYSA-N";"62465";"2785-89-9";NA;NA;NA;NA;NA;NA;NA
"111";"arom";"eugenol";"RRAFCDWBNXTKKO-UHFFFAOYSA-N";"3314";"97-53-0";NA;NA;0.0590707062501376;NA;NA;NA;NA
"112";"arom";"salicyl aldehyde";"SMQUZDBALVYZAC-UHFFFAOYSA-N";"6998";"90-02-8";NA;NA;NA;NA;NA;NA;NA
"113";"arom";"2-hydroxy-anisole";"LHGVFZTZFXWLCP-UHFFFAOYSA-N";"460";"90-05-1";NA;NA;NA;NA;NA;NA;NA
"114";"arom";"4-propenyl anisole";"RUVINXPYWBROJD-ONEGZZNKSA-N";"637563";"104-46-1";NA;NA;0.0961714248178132;NA;NA;NA;NA
"115";"arom";"4-methoxybenzaldehyde";"ZRSNZINYAWTAHE-UHFFFAOYSA-N";"31244";"123-11-5";NA;NA;0.0334650661015482;NA;NA;NA;NA
"116";"arom";"4-isopropylbenzaldehyde";"WTWBUQJHJGUZCY-UHFFFAOYSA-N";"326";"122-03-2";30;NA;0.0440540659946688;NA;NA;NA;NA
"117";"arom";"4-methoxybenzene";"RDOXTESZEPMUJZ-UHFFFAOYSA-N";"7519";"100-66-3";NA;NA;0.0357576453528917;NA;NA;NA;NA
"118";"arom";"4-allyl-1,2-dimethoxybenzene";"ZYEMGPIYFIJGTP-UHFFFAOYSA-N";"7127";"93-15-2";0;NA;0.0488297475041481;NA;NA;NA;NA
"119";"arom";"2,4,5-trimethoxy-1-propenylbenzene";"RKFAZBXYICVSKP-WAYWQWQTSA-N";"636822";"2883-98-9";NA;NA;NA;NA;NA;NA;NA
"120";"arom";"benzyl cyanide";"SUSQOBVLVYHIEX-UHFFFAOYSA-N";"8794";"140-29-4";NA;NA;NA;NA;NA;NA;NA
"121";"arom";"iso-eugenol";"BJIOGJUNALELMI-ONEGZZNKSA-N";"853433";"97-54-1";NA;NA;0.0343804959185447;NA;NA;NA;NA
"122";"arom";"4-methylphenol";"IWDCLRJOBJJRNH-UHFFFAOYSA-N";"2879";"106-44-5";0;NA;0.0356867954241341;NA;NA;NA;NA
"123";"arom";"4-ethylphenol";"HXDOZKJGKXYMEW-UHFFFAOYSA-N";"31242";"123-07-9";NA;NA;NA;NA;NA;NA;NA
"124";"arom";"2-propylphenol";"LCHYEKKJCUJAKN-UHFFFAOYSA-N";"12570";"644-35-9";NA;NA;0.0586035984879167;NA;NA;NA;NA
"125";"arom";"3-phenyl-2E-propenal";"KJPRLNWUNMBNBZ-QPJJXVBHSA-N";"637511";"14371-10-9";NA;NA;NA;NA;NA;NA;NA
"126";"arom";"benzonitrile";"JFDZBHWFFUWGJE-UHFFFAOYSA-N";"7505";"100-47-0";NA;NA;0.034004634156147;NA;NA;NA;NA
"127";"arom";"methyl jasmonate";"GEWDNTWNSAZUDX-SNAWJCMRSA-N";"62388";"39924-52-2";NA;NA;0.0554870442795264;NA;NA;NA;NA
"128";"arom";"benzyl acetate";"QUKGYYKBILRGFE-UHFFFAOYSA-N";"8785";"140-11-4";NA;NA;NA;NA;NA;NA;NA
"129";"arom";"4-propylphenol";"KLSLBUSXWBJMEC-UHFFFAOYSA-N";"12580";"645-56-7";NA;NA;NA;NA;NA;NA;NA
"130";"arom";"3-methylphenol";"RLSSMJSEOOYNOY-UHFFFAOYSA-N";"342";"108-39-4";NA;NA;NA;NA;NA;NA;NA
"131";"arom";"2-ethylphenol";"IXQGCWUGDFDQMF-UHFFFAOYSA-N";"6997";"90-00-6";NA;NA;0.0247255311772459;NA;NA;NA;NA
"132";"arom";"benzoic acid";"WPYMKLBDIGXBTP-UHFFFAOYSA-N";"243";"65-85-0";NA;NA;NA;NA;NA;NA;NA
"133";"arom";"4hydroxy-3-methoxybenzaldehyde";"MWOOGOJBHIARFG-UHFFFAOYSA-N";"1183";"121-33-5";NA;NA;NA;NA;NA;NA;NA
"134";"alcohol";"methanol";"OKKJLVBELUTLKV-UHFFFAOYSA-N";"887";"67-56-1";NA;NA;NA;NA;NA;NA;NA
"135";"alcohol";"ethanol";"LFQSCWFLJHTTHZ-UHFFFAOYSA-N";"702";"64-17-5";NA;NA;NA;NA;NA;NA;NA
"136";"alcohol";"1-propanol";"BDERNNFJNOPAEC-UHFFFAOYSA-N";"1031";"71-23-8";NA;NA;NA;NA;NA;NA;NA
"137";"alcohol";"1-butanol";"LRHPLDYGYMQRHN-UHFFFAOYSA-N";"263";"71-36-3";0;NA;NA;NA;NA;NA;NA
"138";"alcohol";"1-pentanol";"AMQJEAYHLZJPGS-UHFFFAOYSA-N";"6276";"71-41-0";NA;NA;NA;NA;NA;NA;NA
"139";"alcohol";"1-hexanol";"ZSIAUFGUXNUGDI-UHFFFAOYSA-N";"8103";"111-27-3";0;33;NA;0.15;22.667;NA;NA
"140";"alcohol";"1-octanol";"KBPLFHHGFOOTCA-UHFFFAOYSA-N";"957";"111-87-5";NA;NA;NA;NA;NA;NA;NA
"141";"alcohol";"2-octanol";"SJWFXCIHNDVPSH-UHFFFAOYSA-N";"20083";"123-96-6";NA;NA;NA;NA;NA;NA;NA
"142";"alcohol";"2-pentanol";"JYVLIDXNZAXMDK-UHFFFAOYSA-N";"22386";"6032-29-7";NA;NA;NA;NA;NA;NA;NA
"143";"alcohol";"3-methyl-butanol";"PHTQWCKDNZKARW-UHFFFAOYSA-N";"31260";"123-51-3";0;NA;0.0350391089402262;NA;NA;NA;NA
"144";"alcohol";"3-methyl-2-buten-1-ol";"ASUAYTHWZCLXAN-UHFFFAOYSA-N";"11173";"556-82-1";NA;NA;NA;NA;NA;NA;NA
"145";"alcohol";"1-penten-3-ol";"VHVMXWZXFBOANQ-UHFFFAOYSA-N";"12020";"616-25-1";NA;NA;NA;NA;NA;NA;NA
"146";"alcohol";"1-octen-3-ol";"VSMOENVRRABVKN-UHFFFAOYSA-N";"18827";"3391-86-4";0;30;NA;NA;2.667;6.571;NA
"147";"alcohol";"E2-hexenol";"ZCHHRLHTBGRGOT-SNAWJCMRSA-N";"5318042";"928-95-0";NA;NA;NA;NA;NA;NA;NA
"148";"alcohol";"Z2-hexenol";"ZCHHRLHTBGRGOT-PLNGDYQASA-N";"5324489";"928-94-9";NA;NA;NA;0.17;NA;NA;NA
"149";"alcohol";"E3-hexenol";"UFLHIIWVXFIJGU-ONEGZZNKSA-N";"5284503";"928-97-2";NA;NA;NA;NA;NA;NA;NA
"150";"alcohol";"Z3-hexenol";"UFLHIIWVXFIJGU-ARJAWSKDSA-N";"5281167";"928-96-1";NA;NA;0.0422915122702056;NA;NA;NA;NA
"151";"alcohol";"glycerol";"PEDCQBHIVMGVHV-UHFFFAOYSA-N";"753";"56-81-5";NA;NA;NA;NA;NA;NA;NA
"152";"alcohol";"2,3-butanediol";"OWBTYPJTUOEWEK-UHFFFAOYSA-N";"262";"513-85-9";NA;NA;0.71545805935506;NA;NA;NA;NA
"153";"alcohol";"cyclohexanol";"HPXRVTGHNJAIIH-UHFFFAOYSA-N";"7966";"108-93-0";NA;NA;NA;NA;NA;NA;NA
"154";"alcohol";"decanol";"MWKFXSUHUHTGQN-UHFFFAOYSA-N";"8174";"112-30-1";NA;NA;0.0232429565415856;NA;NA;NA;NA
"155";"alcohol";"4-methylcyclohexanol";"MQWCXKGKQLNYQG-UHFFFAOYSA-N";"11524";"589-91-3";0;NA;0.0253204588831244;NA;NA;NA;NA
"156";"alcohol";"1-heptanol";"BBMCTIGTTCKYKF-UHFFFAOYSA-N";"8129";"111-70-6";NA;NA;NA;NA;NA;NA;NA
"157";"alcohol";"3-octanol";"NMRPBPVERJPACX-UHFFFAOYSA-N";"11527";"589-98-0";0;NA;0.0229665883294133;NA;NA;NA;NA
"158";"alcohol";"1-nonanol";"ZWRUINPWMLAQRD-UHFFFAOYSA-N";"8914";"143-08-8";NA;NA;NA;NA;NA;NA;NA
"159";"alcohol";"4-octanol";"WOFPPJOZXUTRAU-UHFFFAOYSA-N";"11515";"589-62-8";NA;NA;0.0826411674515614;NA;NA;NA;NA
"160";"alcohol";"2-heptanol";"CETWDUZRCINIHU-UHFFFAOYSA-N";"10976";"543-49-7";NA;NA;0.038017743040746;NA;NA;NA;NA
"161";"alcohol";"2-hexanol";"QNVRIHYSUZMSGM-UHFFFAOYSA-N";"12297";"626-93-7";NA;NA;0.235740961987672;NA;NA;NA;NA
"162";"alcohol";"3-hexanol";"ZOCHHNOQQHDWHG-UHFFFAOYSA-N";"12178";"623-37-0";NA;NA;NA;NA;NA;NA;NA
"163";"alcohol";"1-hexen-3-ol";"BVOSSZSHBZQJOI-UHFFFAOYSA-N";"20928";"4798-44-1";NA;NA;0.0327867786201268;NA;NA;NA;NA
"164";"alcohol";"isobutyl alcohol";"ZXEKIIBDNHEJCQ-UHFFFAOYSA-N";"6560";"78-83-1";NA;NA;NA;NA;NA;NA;NA
"165";"ester";"methyl acetate";"KXKVLQRXCPHEJC-UHFFFAOYSA-N";"6584";"79-20-9";NA;NA;NA;NA;NA;NA;NA
"166";"ester";"ethyl acetate";"XEKOWRVHYACXOJ-UHFFFAOYSA-N";"8857";"141-78-6";30;41;NA;0.04;58.667;18.571;NA
"167";"ester";"propyl acetate";"YKYONYBAUNKHLG-UHFFFAOYSA-N";"7997";"109-60-4";NA;NA;NA;NA;NA;NA;NA
"168";"ester";"butyl acetate";"DKPFZGUDAPQIHT-UHFFFAOYSA-N";"31272";"123-86-4";NA;NA;0.042506879738006;NA;NA;NA;NA
"169";"ester";"pentyl acetate";"PGMYKACGEOXYJE-UHFFFAOYSA-N";"12348";"628-63-7";0;24;NA;0.09;NA;NA;NA
"170";"ester";"hexyl acetate";"AOGQPLXWSUTHQB-UHFFFAOYSA-N";"8908";"142-92-7";NA;NA;0.0294690360616488;NA;NA;NA;NA
"171";"ester";"isobutyl acetate";"GJRQTCIYDGXPES-UHFFFAOYSA-N";"8038";"110-19-0";NA;NA;NA;NA;NA;NA;NA
"172";"ester";"isopentyl acetate";"MLFHJEHSLIIPHL-UHFFFAOYSA-N";"31276";"123-92-2";0;NA;NA;NA;NA;NA;NA
"173";"ester";"E2-hexenyl acetate";"HRHOWZHRCRZVCU-WAYWQWQTSA-N";"2733294";"2497-18-9";0;NA;0.0324287420991387;NA;NA;NA;NA
"174";"ester";"methyl butyrate";"UUIQMZJEGPQKFD-UHFFFAOYSA-N";"12180";"623-42-7";NA;NA;NA;NA;NA;NA;NA
"175";"ester";"ethyl butyrate";"OBNCKNCVKJNDBV-UHFFFAOYSA-N";"7762";"105-54-4";30;36;NA;0.23;33.667;42.857;NA
"176";"ester";"hexyl butyrate";"XAPCMTMQBXLDBB-UHFFFAOYSA-N";"17525";"2639-63-6";NA;NA;0.0313739419806783;NA;NA;NA;NA
"177";"ester";"ethyl 3-hydroxybutyrate";"OMSUIQOIVADKIM-UHFFFAOYSA-N";"62572";"5405-41-4";NA;NA;NA;NA;NA;NA;NA
"178";"ester";"ethyl propionate";"FKRCODPIKNYEAC-UHFFFAOYSA-N";"7749";"105-37-3";30;NA;NA;NA;NA;NA;NA
"179";"ester";"ethyl methanoate";"WBJINCZRORDGAQ-UHFFFAOYSA-N";"8025";"109-94-4";NA;NA;NA;NA;NA;NA;NA
"180";"ester";"methyl hexanoate";"NUKZAGXMHTUAFE-UHFFFAOYSA-N";"7824";"106-70-7";NA;NA;NA;NA;NA;NA;NA
"181";"ester";"ethyl hexanoate";"SHZIWNPUGXLXDT-UHFFFAOYSA-N";"31265";"123-66-0";NA;NA;NA;NA;NA;NA;NA
"182";"ester";"hexyl hexanoate";"NCDCLPBOMHPFCV-UHFFFAOYSA-N";"22873";"6378-65-0";NA;NA;NA;NA;NA;NA;NA
"183";"ester";"methyl octanoate";"JGHZJRVDZXSNKQ-UHFFFAOYSA-N";"8091";"111-11-5";NA;NA;NA;NA;NA;NA;NA
"184";"ester";"ethyl octanoate";"YYZUSRORWSJGET-UHFFFAOYSA-N";"7799";"106-32-1";NA;NA;NA;NA;NA;NA;NA
"185";"ester";"ethyl decanoate";"RGXWDWUGBIJHDO-UHFFFAOYSA-N";"8048";"110-38-3";NA;NA;NA;NA;NA;NA;NA
"186";"ester";"ethyl trans-2-butenoate";"ZFDIRQKJPRINOQ-HWKANZROSA-N";"429065";"623-70-1";NA;NA;NA;NA;NA;NA;NA
"187";"ester";"ethyl lactate";"LZCLXQDLBQLTDK-UHFFFAOYSA-N";"92831";"97-64-3";NA;NA;NA;NA;NA;NA;NA
"188";"ester";"diethyl succinate";"DKMROQRQHGEIOW-UHFFFAOYSA-N";"31249";"123-25-1";NA;NA;NA;NA;NA;NA;NA
"189";"ester";"octyl acetate";"YLYBTZIQSIBWLI-UHFFFAOYSA-N";"8164";"112-14-1";NA;NA;0.0243857642471466;NA;NA;NA;NA
"190";"ester";"decyl acetate";"NUPSHWCALHZGOV-UHFFFAOYSA-N";"8167";"112-17-4";NA;NA;NA;NA;NA;NA;NA
"191";"ester";"methyl propionate";"RJUFJBKOKNCXHH-UHFFFAOYSA-N";"11124";"554-12-1";NA;NA;NA;0.03;NA;NA;NA
"192";"ester";"propyl butanoate";"HUAZGNHGCJGYNP-UHFFFAOYSA-N";"7770";"105-66-8";NA;NA;NA;NA;NA;NA;NA
"193";"ester";"propyl pentanoate";"ROJKPKOYARNFNB-UHFFFAOYSA-N";"67328";"141-06-0";NA;NA;NA;NA;NA;NA;NA
"194";"ester";"butyl hexanoate";"RPRPDTXKGSIXMD-UHFFFAOYSA-N";"12294";"626-82-4";NA;NA;NA;NA;NA;NA;NA
"195";"N ring";"indole";"SIKJAQJRHWYJAI-UHFFFAOYSA-N";"798";"120-72-9";0;NA;NA;NA;NA;NA;NA
"196";"ester";"Z11-hexdecenyl acetate";"BTKXLQSCEOHKTF-SREVYHEPSA-N";"5364711";"34010-21-4";NA;NA;NA;NA;NA;NA;NA
"197";"ester";"2-methyl butyl acetate";"XHIUFYZDQBSEMF-UHFFFAOYSA-N";"12209";"624-41-9";NA;NA;0.0458400452314826;NA;NA;NA;NA
"198";"ester";"propyl propionate";"MCSINKKTEDDPNK-UHFFFAOYSA-N";"7803";"106-36-5";NA;NA;NA;NA;NA;NA;NA
"199";"ester";"sec-amyl acetate";"GQKZRWSUJHVIPE-UHFFFAOYSA-N";"12278";"626-38-0";NA;NA;NA;NA;NA;NA;NA
"200";"ester";"ethyl (R)-(-)-3-hydroxybutanoate";"OMSUIQOIVADKIM-RXMQYKEDSA-N";"440030";"24915-95-5";NA;NA;0.232140918362527;NA;NA;NA;NA
"201";"ester";"ethyl (S)-(+)-3-hydroxybutanoate";"OMSUIQOIVADKIM-YFKPBYRVSA-N";"6950306";"56816-01-4";NA;NA;0.509968561362529;NA;NA;NA;NA
"202";"ester";"ethyl 2-methylbutanoate";"HCRBXQFHJMCTLF-UHFFFAOYSA-N";"24020";"7452-79-1";0;NA;0.0481942063956057;NA;NA;NA;NA
"203";"ester";"butyl butanoate";"XUPYJHCZDLZNFP-UHFFFAOYSA-N";"7983";"109-21-7";NA;NA;NA;NA;NA;NA;NA
"204";"ester";"methyl pentanoate";"HNBDRPTVWVGKBR-UHFFFAOYSA-N";"12206";"624-24-8";NA;NA;NA;NA;NA;NA;NA
"205";"ester";"ethyl pentanoate";"ICMAFTSLXCXHRK-UHFFFAOYSA-N";"10882";"539-82-2";NA;NA;NA;0.08;10.333;20;NA
"206";"ester";"methyl 3-hydroxy hexanoate";"ACCRBMDJCPPJDX-UHFFFAOYSA-N";"519845";"21188-58-9";NA;NA;0.0348004515230041;NA;NA;NA;NA
"207";"ester";"ethyl 3-hydroxyhexanoate";"LYRIITRHDCNUHV-UHFFFAOYSA-N";"61293";"2305-25-1";NA;NA;0.0236644819699913;NA;NA;NA;NA
"208";"ester";"propyl hexanoate";"HTUIWRWYYVBCFT-UHFFFAOYSA-N";"12293";"626-77-7";NA;NA;NA;NA;NA;NA;NA
"209";"ester";"methyl heptanoate";"XNCNNDVCAUWAIT-UHFFFAOYSA-N";"7826";"106-73-0";NA;NA;NA;NA;NA;NA;NA
"210";"ester";"ethyl heptanoate";"TVQGDYNRXLTQAP-UHFFFAOYSA-N";"7797";"106-30-9";NA;NA;NA;NA;NA;NA;NA
"211";"ester";"isoamyl tiglate";"ZARFDQHJMNVNLE-WEVVVXLNSA-N";"5463682";"41519-18-0";NA;NA;0.0852781231214763;NA;NA;NA;NA
"212";"ester";"isopropyl butyrate";"FFOPEPMHKILNIT-UHFFFAOYSA-N";"61184";"638-11-9";NA;NA;0.0243510387455501;NA;NA;NA;NA
"213";"ester";"methyl tiglate";"YYJWBYNQJLBIGS-PLNGDYQASA-N";"5323652";"6622-76-0";NA;NA;0.17620320509815;NA;NA;NA;NA
"214";"ester";"ethyl 2-methyl-2E-butenoate";"OAPHLAAOJMTMLY-GQCTYLIASA-N";"5281163";"5837-78-5";NA;NA;0.180167436473342;NA;NA;NA;NA
"215";"ester";"isopropyl tiglate";"VUPBIVVRPJDWNW-FNORWQNLSA-N";"5367745";"1733-25-1";NA;NA;0.0722049668394184;NA;NA;NA;NA
"216";"ester";"ethyl isovalerate";"PPXUHEORWJQRHJ-UHFFFAOYSA-N";"7945";"108-64-5";NA;NA;0.0267952574408158;NA;NA;NA;NA
"217";"ester";"heptyl acetate";"ZCZSIDMEHXZRLG-UHFFFAOYSA-N";"8159";"112-06-1";NA;NA;0.0348187135211655;NA;NA;NA;NA
"218";"ester";"Z3-hexenyl acetate";"NPFVOOAXDOBMCE-PLNGDYQASA-N";"5363388";"3681-71-8";NA;NA;0.0388767723744614;NA;NA;NA;NA
"219";"ester";"hexyl methanoate";"OUGPMNMLWKSBRI-UHFFFAOYSA-N";"61177";"629-33-4";NA;NA;0.0319480605736788;NA;NA;NA;NA
"220";"ester";"butyl heptanoate";"YPQSPODHFDGVAC-UHFFFAOYSA-N";"21596";"5454-28-4";NA;NA;NA;NA;NA;NA;NA
"221";"ester";"nonyl acetate";"GJQIMXVRFNLMTB-UHFFFAOYSA-N";"8918";"143-13-5";NA;NA;NA;NA;NA;NA;NA
"222";"ester";"propyl heptanoate";"UWZVPQKWYFZLLW-UHFFFAOYSA-N";"229377";"7778-87-2";NA;NA;NA;NA;NA;NA;NA
"223";"ester";"butyl valerate";"OKJADYKTJJGKDX-UHFFFAOYSA-N";"61137";"591-68-4";NA;NA;NA;NA;NA;NA;NA
"224";"ester";"butyl propanoate";"BTMVHUNTONAYDX-UHFFFAOYSA-N";"11529";"590-01-2";NA;NA;NA;0.04;NA;NA;NA
"225";"O ring";"acetyl furan";"IEMMBWWQXVXBEU-UHFFFAOYSA-N";"14505";"1192-62-7";NA;NA;NA;NA;NA;NA;NA
"226";"O ring";"beta-butyrolactone";"GSCLMSFRWBPUSK-UHFFFAOYSA-N";"18303";"3068-88-0";NA;NA;0.104564576510556;NA;NA;NA;NA
"227";"O ring";"gamma-valerolactone";"GAEKPEKOJKCEMS-UHFFFAOYSA-N";"7921";"108-29-2";30;NA;0.203514523223572;NA;NA;NA;NA
"228";"O ring";"4-hydroxy-2,5-dimethyl-3(2H)-furanone";"INAXVXBDKKUCGI-UHFFFAOYSA-N";"19309";"3658-77-3";NA;NA;NA;NA;NA;NA;NA
"229";"O ring";"gamma-pentyl-gamma-butyrolactone";"OALYTRUKMRCXNH-QMMMGPOBSA-N";"441574";"63357-97-1";NA;NA;NA;NA;NA;NA;NA
"230";"O ring";"gamma-propyl-gamma-butyrolactone";"VLSVVMPLPMNWBH-UHFFFAOYSA-N";"7742";"105-21-5";NA;NA;0.0321462410464438;NA;NA;NA;NA
"231";"other";"oil";"solvent";"solvent";"solvent";NA;21;0.0432362941001664;-0.02;6.5;16.857;NA
"232";"other";"heptane";"IMNFDUFMRHMDMM-UHFFFAOYSA-N";"8900";"142-82-5";NA;NA;0.0554745088369321;NA;NA;NA;NA
"233";"other";"octane";"TVMXDCGIABBOFY-UHFFFAOYSA-N";"356";"111-65-9";NA;NA;0.0311075309442148;NA;NA;NA;NA
"234";"other";"nonane";"BKIMMITUMNQMOS-UHFFFAOYSA-N";"8141";"111-84-2";NA;NA;0.0397374514614233;NA;NA;NA;NA
"235";"other";"carbon dioxide";"CURLTUGMZLYLDI-UHFFFAOYSA-N";"280";"124-38-9";NA;20;NA;NA;10.667;NA;NA
"236";"N ring";"2-isobutyl-3-methoxypyrazine";"UXFSPRAGHGMRSQ-UHFFFAOYSA-N";"32594";"24683-00-9";0;NA;NA;NA;NA;NA;NA
"237";"N ring";"pyrrolidine";"RWRDLPDLKQPQOW-UHFFFAOYSA-N";"31268";"123-75-1";0;NA;NA;NA;NA;NA;NA
"238";"other";"11-cis Vaccenyl Acetate";"QSZKEDWVAOAFQY-HJWRWDBZSA-N";"5363286";"6186-98-7";0;NA;NA;NA;NA;NA;NA
"239";"alcohol";"oleyl alcohol";"ALSTYHKOOCGGFT-KTKRTIGZSA-N";"5284499";"143-28-2";NA;NA;NA;NA;NA;NA;NA
"240";"alcohol";"cis-vaccenyl alcohol";"XMLQWXUVTXCDDL-FPLPWBNLSA-N";"11821627";NA;NA;NA;NA;NA;NA;NA;NA
"241";"ester";"oleyl acetate";"GYGAZRPDUOHMAF-KHPPLWFESA-N";"5363289";"693-80-1";NA;NA;NA;NA;NA;NA;NA
"242";"acid";"cis-vaccenic acid";"UWHZIFQPPBDJPM-FPLPWBNLSA-N";"5282761";"506-17-2";NA;NA;NA;NA;NA;NA;NA
"243";"other";"trans-methyl vaccenate";"PVVODBCDJBGMJL-CMDGGOBGSA-N";"5364432";"6198-58-9";NA;NA;NA;NA;NA;NA;NA
"244";"other";"hexane";"VLKZOEOYAKHREP-UHFFFAOYSA-N";"8058";"110-54-3";NA;NA;NA;NA;NA;NA;NA
"245";"O ring";"thymol";"MGSRCZKZVOBKFT-UHFFFAOYSA-N";"6989";"89-83-8";NA;NA;NA;NA;NA;NA;NA
"246";"O ring";"benzophenone";"RWCCWEUUXYIKHB-UHFFFAOYSA-N";"3102";"119-61-9";NA;NA;NA;NA;NA;NA;NA
"247";"alcohol";"isopropyl alcohol";"KFZMGEQAYNKOFK-UHFFFAOYSA-N";"3776";"67-63-0";NA;NA;NA;NA;NA;NA;NA
"248";"other";"methional";"CLUWOWRTHNNBBU-UHFFFAOYSA-N";"18635";"3268-49-3";NA;NA;NA;NA;NA;NA;NA
"249";"O ring";"menthol";"NOOLISFMXDJSKH-KXUCPTDWSA-N";"16666";"89-78-1";NA;NA;NA;NA;NA;NA;NA
"250";"alcohol";"geosmin";"JLPUXFOGCDVKGO-GRYCIOLGSA-N";"15559490";"16423-19-1";NA;NA;NA;NA;NA;NA;NA
"251";NA;"2-phenylethylamine";"BHHGXPLMPWCGHP-UHFFFAOYSA-N";"1001";"64-04-0";NA;NA;NA;NA;NA;NA;NA
"252";NA;"3-mercaptopropanoate";"DKIDEFUBRARXTE-UHFFFAOYSA-N";"6514";"107-96-0";NA;NA;NA;NA;NA;NA;NA
"253";NA;"Isopropyl benzoate";"FEXQDZTYJVXMOS-UHFFFAOYSA-N";"13654";"939-48-0";NA;NA;NA;NA;NA;NA;NA
"254";NA;"Diethylamine";"HPNMFZURTQLUMO-UHFFFAOYSA-N";"8021";"109-89-7";NA;NA;NA;NA;NA;NA;NA
"255";NA;"Phenylethyl propionate";"HVGZQCSMLUDISR-UHFFFAOYSA-N";"31225";"122-70-3";NA;NA;NA;NA;NA;NA;NA
"256";NA;"phenol";"ISWSIDIOOBJBQZ-UHFFFAOYSA-N";"996";"1336-35-2";NA;NA;NA;NA;NA;NA;NA
"257";NA;"Isopropyl acetate";"JMMWKPVZQRWMSS-UHFFFAOYSA-N";"7915";"108-21-4";NA;NA;NA;NA;NA;NA;NA
"258";NA;"Pyridine";"JUJWROOIHBZHMG-UHFFFAOYSA-N";"1049";"152758-95-7";NA;NA;NA;NA;NA;NA;NA
"259";NA;"2-oxovaleric acid";"KDVFRMMRZOCFLS-UHFFFAOYSA-N";"74563";"1821-02-9";NA;NA;NA;NA;NA;NA;NA
"260";NA;"(-) bornyl acetate";"KGEKLUUHTZCSIP-HOSYDEDBSA-N";"93009";"15313-72-1";NA;NA;NA;NA;NA;NA;NA
"261";NA;"2-methylisoborneol";"LFYXNXGVLGKVCJ-UHFFFAOYSA-N";"16913";"112548-27-3";NA;NA;NA;NA;NA;NA;NA
"262";NA;"Cis-3-hexenyl propionate";"LGTLDEUQCOJGFP-WAYWQWQTSA-N";"5365049";"33467-74-2";NA;NA;NA;NA;NA;NA;NA
"263";NA;"1-octen-3-yl butyrate";"LZWFXVJBIZIHCH-UHFFFAOYSA-N";"27892";"16491-54-6";NA;NA;NA;NA;NA;NA;NA
"264";NA;"Isoamyl benzoate";"MLLAPOCBLWUFAP-UHFFFAOYSA-N";"7193";"94-46-2";NA;NA;NA;NA;NA;NA;NA
"265";NA;"DEET";"MMOXZBCLCQITDF-UHFFFAOYSA-N";"4284";"94271-03-1";NA;NA;NA;NA;NA;NA;NA
"266";NA;"2-nonanol";"NGDNVOAEIVQRFH-UHFFFAOYSA-N";"12367";"74683-66-2";NA;NA;NA;NA;NA;NA;NA
"267";NA;"Trans-3-hexenyl acetate";"NPFVOOAXDOBMCE-SNAWJCMRSA-N";"15574";"3681-82-1";NA;NA;NA;NA;NA;NA;NA
"268";NA;"Isopropyl pentanoate";"OCAIYHCKLADPEG-UHFFFAOYSA-N";"87598";"18362-97-5";NA;NA;NA;NA;NA;NA;NA
"269";NA;"4-methyl pentanol";"PCWGTDULNUVNBN-UHFFFAOYSA-N";"12296";"1320-98-5";NA;NA;NA;NA;NA;NA;NA
"270";NA;"Isoamyl butyrate";"PQLMXFQTAMDXIZ-UHFFFAOYSA-N";"7795";"106-27-4";NA;NA;NA;NA;NA;NA;NA
"271";NA;"2-methoxy-4-propyl phenol";"PXIKRTCSSLJURC-UHFFFAOYSA-N";"17739";"2785-87-7";NA;NA;NA;NA;NA;NA;NA
"272";NA;"Ethyl amine";"QUSNBJAOOMFDIB-UHFFFAOYSA-N";"6341";"85404-16-6";NA;NA;NA;NA;NA;NA;NA
"273";NA;"3-octanone";"RHLVCLIPMVJYKS-UHFFFAOYSA-N";"246728";"106-68-3";NA;NA;NA;NA;NA;NA;NA
"274";NA;"hexyl isovalerate";"RSDDTPVXLMVLQE-UHFFFAOYSA-N";"61455";"10032-13-0";NA;NA;NA;NA;NA;NA;NA
"275";NA;"propyl benzoate";"UDEWPOVQBGFNGE-UHFFFAOYSA-N";"16846";"2315-68-6";NA;NA;NA;NA;NA;NA;NA
"276";NA;"Phenylacetic acid";"WLJVXDMOQOGPHL-UHFFFAOYSA-N";"999";"103-82-2";NA;NA;NA;NA;NA;NA;NA
"277";NA;"Isoamyl propionate";"XAOGXQMKWQFZEM-UHFFFAOYSA-N";"7772";"105-68-0";NA;NA;NA;NA;NA;NA;NA
"278";NA;"Isobutyl tiglate";"XDEGQMQKHFPBEW-VMPITWQZSA-N";"5367807";"61692-84-0";NA;NA;NA;NA;NA;NA;NA
"279";NA;"Isopentyl hexanoate";"XVSZRAWFCDHCBP-UHFFFAOYSA-N";"16617";"2198-61-0";NA;NA;NA;NA;NA;NA;NA
"280";NA;"Prenyl acetate";"XXIKYCPRDXIMQM-UHFFFAOYSA-N";"14489";"1191-16-8";NA;NA;NA;NA;NA;NA;NA
"281";NA;"2-methoxy-4-vinyl phenol";"YOMSJEATGXXYPX-UHFFFAOYSA-N";"332";"7786-61-0";NA;NA;NA;NA;NA;NA;NA
"282";NA;"Acetoin acetate";"ZKPTYCJWRHHBOW-UHFFFAOYSA-N";"521246";"4906-24-5";NA;NA;NA;NA;NA;NA;NA
"283";NA;"Isopropyl isopentanoate";"ZOIRKXLFEHOVER-UHFFFAOYSA-N";"61914";"32665-23-9";NA;NA;NA;NA;NA;NA;NA
"284";NA;"cis-11-hexadecenal";"AMTITFMUKRZZEE-WAYWQWQTSA-N";"5364495";"53939-28-9";NA;NA;NA;NA;NA;NA;NA
"285";NA;"spermidine";"ATHGHQPFGPMSJY-UHFFFAOYSA-N";"1102";"124-20-9";NA;NA;NA;NA;NA;NA;NA
"286";NA;"(-)-linalool";"CDOSHBSSFJOMGT-JTQLQIEISA-N";"6549";"126-91-0";NA;NA;NA;NA;NA;NA;NA
"287";NA;"glycine";"DHMQDGOQFOQNFH-UHFFFAOYSA-N";"750";"56-40-6";NA;NA;NA;NA;NA;NA;NA
"288";NA;"pentylamine";"DPBLXKKOBLCELK-UHFFFAOYSA-N";"8060";"110-58-7";NA;NA;NA;NA;NA;NA;NA
"289";NA;"propylene glycol";"DUFKCOQISQKSAV-UHFFFAOYSA-N";"32881";"25322-69-4";NA;NA;NA;NA;NA;NA;NA
"290";NA;"geranyl formate";"FQMZVFJYMPNUCT-YRNVUSSQSA-N";"7779";"105-86-2";NA;NA;NA;NA;NA;NA;NA
"291";NA;"trimethylamine";"GETQZCLCWQTVFV-UHFFFAOYSA-N";"1146";"75-50-3";NA;NA;NA;NA;NA;NA;NA
"292";NA;"cis-3,7-dimethyl-2,6-octadien-1-yl acetate";"HIGQPQRQIQDZMP-FLIBITNWSA-N";"1549025";"141-12-8";NA;NA;NA;NA;NA;NA;NA
"293";NA;"geranyl acetone";"HNZUNIKWNYHEJJ-FMIVXFBMSA-N";"1549778";"3796-70-1 ";NA;NA;NA;NA;NA;NA;NA
"294";NA;"butylamine";"HQABUPZFAYXKJW-UHFFFAOYSA-N";"8007";"109-73-9";NA;NA;NA;0.09;NA;NA;NA
"295";NA;"2-ethylfenchol";"KIPCKEJKGCXRGA-UHFFFAOYSA-N";"71311522";"18368-91-7";NA;NA;NA;NA;NA;NA;NA
"296";NA;"pyrazine";"KYQCOXFCLRTKLS-UHFFFAOYSA-N";"9261";"290-37-9";NA;NA;NA;NA;NA;NA;NA
"297";NA;"cyclohexylamine";"PAFZNILMFXTMIY-UHFFFAOYSA-N";"7965";"108-91-8";NA;NA;NA;NA;NA;NA;NA
"298";NA;"spermine";"PFNFFQXMRSDOHW-UHFFFAOYSA-N";"1103";"71-44-3";NA;NA;NA;NA;NA;NA;NA
"299";NA;"phenylacetone";"QCCDLTOVEPVEJK-UHFFFAOYSA-N";"7678";"103-79-7";NA;NA;NA;NA;NA;NA;-5
"300";NA;"N-methylpiperidine";"QDUXDCXILAPLAG-UHFFFAOYSA-N";"12291";"626-67-5";NA;NA;NA;NA;NA;NA;NA
"301";NA;"(-)-beta-citronellol";"QMVPMAAFGQKVCJ-JTQLQIEISA-N";"7793";"7540-51-4";NA;NA;NA;NA;NA;NA;NA
"302";NA;"piperonal";"SATCULPHIDQDRE-UHFFFAOYSA-N";"8438";"120-57-0";NA;NA;NA;NA;NA;NA;NA
"303";NA;"2-oxobutyric acid";"TYEYBOSBBBHJIV-UHFFFAOYSA-N";"58";"600-18-0";NA;NA;NA;NA;NA;NA;NA
"304";NA;"linalyl acetate";"UWKAYLJWKGQEPM-UHFFFAOYSA-N";"8294";"115-95-7";NA;NA;NA;NA;NA;NA;NA
"305";NA;"hydrogen chloride";"VEXZGXHMUGYJMC-UHFFFAOYSA-N";"313";"7647-01-0";NA;NA;NA;NA;NA;NA;NA
"306";NA;"1-methylcyclohexanol";"VTBOTOBFGSVRMA-UHFFFAOYSA-N";"11550";"590-67-0";NA;NA;NA;NA;NA;NA;NA
"307";NA;"3-acetylpyridine";"WEGYGNROSJDEIW-UHFFFAOYSA-N";"9589";"350-03-8";NA;NA;NA;NA;NA;NA;NA
"308";NA;"glutamate";"WHUUTDBJXJRKMK-UHFFFAOYSA-N";"33032";"56-86-0";NA;NA;NA;NA;NA;NA;NA
"309";NA;"(-)-beta-pinene";"WTARULDDTDQWMU-IUCAKERBSA-N";"440967";"18172-67-3";NA;NA;NA;NA;NA;NA;NA
"310";NA;"alpha-terpinene";"YHQGMYUVUMAZJR-UHFFFAOYSA-N";"7462";"99-86-5";NA;NA;NA;NA;NA;NA;NA
"311";NA;"ethylbenzene";"YNQLUTRBYVCPMQ-UHFFFAOYSA-N";"7500";"100-41-4";NA;NA;NA;NA;NA;NA;NA
"312";NA;"toluene";"YXFVVABEGXRONW-UHFFFAOYSA-N";"1140";"108-88-3";NA;NA;NA;NA;NA;NA;NA
"313";"ester";"prop-2-enyl acetate";"FWZUNOYOVVKUNF-UHFFFAOYSA-N";"11584";"591-87-7";NA;NA;NA;0.11;NA;NA;NA
"314";"alcohol";"(2R)-hexan-2-ol";"QNVRIHYSUZMSGM-ZCFIWIBFSA-N";"6993810";"26549-24-6";NA;NA;NA;0.38;NA;NA;NA
"315";"alcohol";"hexa-2,4-dien-1-ol";"MEIRRNXMZYDVDW-MQQKCMAXSA-N";"8104";"111-28-4";NA;NA;NA;0.09;NA;NA;NA
"316";"ester";"ethyl 3-methylsulfanylpropanoate";"YSNWHRKJEKWJNY-UHFFFAOYSA-N";"61592";"13327-56-5";NA;NA;NA;0.19;NA;NA;NA
"317";"alcohol";"(2S)-heptan-2-ol";"CETWDUZRCINIHU-ZETCQYMHSA-N";"2724897";"6033-23-4";NA;NA;NA;0.21;NA;NA;NA
"318";"ester";"Ethyl 4-oxopentanoate";"GMEONFUTDYJSNV-UHFFFAOYSA-N";"10883";"539-88-8";NA;NA;NA;0.24;NA;NA;NA
"319";"ester";"ethyl prop-2-enoate";"JIGUQPWFLRLWPJ-UHFFFAOYSA-N";"8821";"140-88-5";NA;NA;NA;0.12;NA;NA;NA
"320";"ester";"Methyl 2-methylpropanoate";"BHIWKHZACMWKOJ-UHFFFAOYSA-N";"11039";"547-63-7";NA;NA;NA;0.09;NA;NA;NA
"321";"ester";"Diethyl oxalate";"WYACBZDAHNBPPB-UHFFFAOYSA-N";"7268";"95-92-1";NA;NA;NA;0.13;NA;NA;NA
"322";NA;"Chlorine";"ZKQDCIXGCQPQNV-UHFFFAOYSA-N";NA;"7778-54-3";NA;NA;NA;NA;NA;NA;11
"323";NA;"Methyldiethanolamine";"CRVGTESFCCXCTH-UHFFFAOYSA-N";NA;"105-59-9";NA;NA;NA;NA;NA;NA;15
"324";NA;"Ethyldiethanolamine";"AKNUHUCEWALCOI-UHFFFAOYSA-O";NA;"139-87-7";NA;NA;NA;NA;NA;NA;-5
"325";NA;"Diethyl phosphite";"OSPSWZSRKYCQPF-UHFFFAOYSA-N";NA;"1809-19-4";NA;NA;NA;NA;NA;NA;-2
"326";NA;"Triethyl phosphite";"BDZBKCUKTQZUTL-UHFFFAOYSA-N";NA;"122-52-1";NA;NA;NA;NA;NA;NA;33
"327";NA;"2,3-Dimethyl-2,3-dinitrobutane";"DWCLXOREGBLXTD-UHFFFAOYSA-N";NA;"3964-18-9";NA;NA;NA;NA;NA;NA;1
"328";NA;"2-Ethyl-1-hexanol";"YIWUKEYIRIRTPP-UHFFFAOYSA-N";NA;"104-76-7";NA;NA;NA;NA;NA;NA;-5
"329";NA;"Hexamine";"VKYKSIONXSXAKP-UHFFFAOYSA-N";NA;"100-97-0";NA;NA;NA;NA;NA;NA;-12
"330";NA;"Hydrogen peroxide";"MHAJPDPJQMAIIY-UHFFFAOYSA-N";NA;"7722-84-1";NA;NA;NA;NA;NA;NA;4
"331";NA;"Nitric Acid";"GRYLNZFGIOXLOG-UHFFFAOYSA-N";NA;"7697-37-2";NA;NA;NA;NA;NA;NA;2
"332";NA;"Nitromethane";"LYGJENNIWJXYER-UHFFFAOYSA-N";NA;"75-52-5";NA;NA;NA;NA;NA;NA;-4
"333";NA;"Acetic anhydride";"WFDIJRYMOXRFFG-UHFFFAOYSA-N";NA;"108-24-7";NA;NA;NA;NA;NA;NA;-2
"334";NA;"Formamide";"ZHNUHDYFZUAESO-UHFFFAOYSA-N";NA;"75-12-7";NA;NA;NA;NA;NA;NA;-1
"335";NA;"1-phenyl-2-nitropropene";"WGSVFWFSJDAYBM-BQYQJAHWSA-N";NA;"705-60-2";NA;NA;NA;NA;NA;NA;-2
"336";NA;"Safrole";"ZMQAAUBTXCXRIC-UHFFFAOYSA-N";NA;"94-59-7";NA;NA;NA;NA;NA;NA;-10
"337";NA;"Diazinon";"FHIVAFMUCKRCQO-UHFFFAOYSA-N";NA;"333-41-5";NA;NA;NA;NA;NA;NA;4
"338";NA;"Endosulfan";"RDYMFSUJUZBWLH-UHFFFAOYSA-N";NA;"115-29-7";NA;NA;NA;NA;NA;NA;-3
"339";NA;"Potassium perchlorate";"YLMGFJXSLBMXHK-UHFFFAOYSA-M";NA;"7778-74-7";NA;NA;NA;NA;NA;NA;6
"340";NA;"Sodium perchlorate";"BAZAXWOYCMUHIX-UHFFFAOYSA-M";NA;"7601-89-0";NA;NA;NA;NA;NA;NA;5
"341";NA;"Sulfur";"RWSOTUBLDIXVET-UHFFFAOYSA-N";NA;"7704-34-9";NA;NA;NA;NA;NA;NA;2
"342";NA;"Cyclotrimethylenetrinitramine";"XTFIVUDBNACUBN-UHFFFAOYSA-N";NA;"121-82-4";NA;NA;NA;NA;NA;NA;1
"343";NA;"Hexamethylene triperoxide-diamine";"HMWPNDNFTFSCEB-UHFFFAOYSA-N";NA;"283-66-9";NA;NA;NA;NA;NA;NA;0
"344";NA;"Nitroglycerin";"SNIOPGDIGTZGOP-UHFFFAOYSA-N";NA;"55-63-0";NA;NA;NA;NA;NA;NA;-3
"345";NA;"Pentaerythritol tetranitrate";"TZRXHJWUDPFEEY-UHFFFAOYSA-N";NA;"78-11-5";NA;NA;NA;NA;NA;NA;-3
"346";NA;"Triacetone triperoxide";"ZTLXICJMNFREPA-UHFFFAOYSA-N";NA;"17088-37-8";NA;NA;NA;NA;NA;NA;9
"347";NA;"2,4,6-Trinitrotoluene";"SPSSULHKWOKEEL-UHFFFAOYSA-N";NA;"118-96-7";NA;NA;NA;NA;NA;NA;3
"348";NA;"2-Ethylpyrazine";"KVFIJIWMDBAGDP-UHFFFAOYSA-N";"26331";"13925-00-3";NA;NA;NA;NA;NA;NA;NA
"349";NA;"2-Ethyl-5(6)-methylpyrazine";"MHVIQJDXHDKUAM-UHFFFAOYSA-N";"16220105";"36731-41-6";NA;NA;NA;NA;NA;NA;NA
"350";NA;"2-Acetyl-3-methylpyrazine";"QUNOTZOHYZZWKQ-UHFFFAOYSA-N";"32093";"23787-80-6";NA;NA;NA;NA;NA;NA;NA
"351";NA;"2-Ethyl-3,(5 or 6)-dimethylpyrazine";"BOFLOMVCGPWPQC-UHFFFAOYSA-N";"16220104";"27043-05-6";NA;NA;NA;NA;NA;NA;NA
"352";NA;"2-Methoxypyrazine";"WKSXRWSOSLGSTN-UHFFFAOYSA-N";"18467";"3149-28-8";NA;NA;NA;NA;NA;NA;NA
"353";NA;"2-Ethyl-3-methylpyrazine";"LNIMMWYNSBZESE-UHFFFAOYSA-N";"27457";"15707-23-0";NA;NA;NA;NA;NA;NA;NA
"354";NA;"2-Ethyl-3-methoxypyrazine";"DPCILIMHENXHQX-UHFFFAOYSA-N";"33135";"25680-58-4";NA;NA;NA;NA;NA;NA;NA
"355";NA;"2,3-Diethylpyrazine";"GZXXANJCCWGCSV-UHFFFAOYSA-N";"27458";"15707-24-1";NA;NA;NA;NA;NA;NA;NA
"356";NA;"2-Chloropyrazine";"GELVZYOEQVJIRR-UHFFFAOYSA-N";"73277";"14508-49-7";NA;NA;NA;NA;NA;NA;NA
"357";NA;"2-Acetyl-3-ethylpyrazine";"PPJSYGVFDJEMRP-UHFFFAOYSA-N";"61918";"32974-92-8";NA;NA;NA;NA;NA;NA;NA
"358";NA;"2-Acetylpyrazine";"DBZAKQWXICEWNW-UHFFFAOYSA-N";"30914";"131922-02-6";NA;NA;NA;NA;NA;NA;NA
"359";NA;"5H-5-Methyl-6, 7-dihydrocyclopenta[b]pyrazine";"YZEFQPIMXZVPKP-UHFFFAOYSA-N";"32065";"23747-48-0";NA;NA;NA;NA;NA;NA;NA
"360";NA;"2-methoxy-3-(1-methylpropyl)pyrazine";"QMQDJVIJVPEQHE-UHFFFAOYSA-N";"520098";"123625-20-7";NA;NA;NA;NA;NA;NA;NA
"361";NA;"2,3,5-Trimethylpyrazine";"IAEGWXHKWJGQAZ-UHFFFAOYSA-N";"26808";"124765-77-1";NA;NA;NA;NA;NA;NA;NA
"362";NA;"2-isobutyl-3-Methylpyrazine";"ZHMIODDNZRIENW-UHFFFAOYSA-N";"26333";"13925-06-9";NA;NA;NA;NA;NA;NA;NA
"363";NA;"2,6-Dimethylpyrazine";"HJFZAYHYIWGLNL-UHFFFAOYSA-N";"7938";"108-50-9";NA;NA;NA;NA;NA;NA;NA
"364";NA;"2-Methoxy-3-methylpyrazine";"VKJIAEQRKBQLLA-UHFFFAOYSA-N";"17898";"2847-30-5";NA;NA;NA;NA;NA;NA;NA
"365";NA;"2,3-Dimethylpyrazine";"OXQOBQJCDNLAPO-UHFFFAOYSA-N";"22201";"5910-89-4";NA;NA;NA;NA;NA;NA;NA
"366";NA;"2-Acetyl-3,5(or 6)-dimethylpyrazine";"UCGOSAWBWFUKDT-UHFFFAOYSA-N";"104721";"54300-08-2";NA;NA;NA;NA;NA;NA;NA
"367";NA;"2,5-Dimethylpyrazine";"LCZUOKDVTBMCMX-UHFFFAOYSA-N";"31252";"123-32-0";NA;NA;NA;NA;NA;NA;NA
"368";NA;"2,3,5,6-Tetramethylpyrazine";"FINHMKGKINIASC-UHFFFAOYSA-N";"14296";"87396-75-6";NA;NA;NA;NA;NA;NA;NA
"369";NA;"2-Methylpyrazine";"CAWHJQAVHZEVTJ-UHFFFAOYSA-N";"7976";"109-08-0";NA;NA;NA;NA;NA;NA;NA
"370";NA;"Pyrazineethanethiol";"QKVWBAMZPUHCMO-UHFFFAOYSA-N";"61945";"35250-53-4";NA;NA;NA;NA;NA;NA;NA
"371";NA;"1-decene";"AFFLGGQVNFXPEV-UHFFFAOYSA-N";"13381";"872-05-9";NA;NA;NA;NA;NA;NA;NA
"372";NA;"cis-3-hexenyl 3-methylbutanoate";"AIQLNKITFBJPFO-WAYWQWQTSA-N";"5367681";"35154-45-1";NA;NA;NA;NA;NA;NA;NA
"373";NA;"2-acetylpyridine";"AJKVQEKCUACUMD-UHFFFAOYSA-N";"14286";"1122-62-9";NA;NA;NA;NA;NA;NA;NA
"374";NA;"1-methoxy-2-propanol";"ARXJGSRGQADJSQ-UHFFFAOYSA-N";"7900";"107-98-2";NA;NA;NA;NA;NA;NA;NA
"375";NA;"2,4-dimethylheptane";"AUKVIBNBLXQNIZ-UHFFFAOYSA-N";"16656";"2213-23-2";NA;NA;NA;NA;NA;NA;NA
"376";NA;"isopropyl myristate";"AXISYYRBXTVTFY-UHFFFAOYSA-N";"8042";"110-27-0";NA;NA;NA;NA;NA;NA;NA
"377";NA;"2-ethyl-p-xylene";"AXIUBBVSOWPLDA-UHFFFAOYSA-N";"15653";"1758-88-9";NA;NA;NA;NA;NA;NA;NA
"378";NA;"butyl isovalerate";"AYWJSCLAAPJZEF-UHFFFAOYSA-N";"7981";"109-19-3";NA;NA;NA;NA;NA;NA;NA
"379";NA;"p-benzoquinone";"AZQWKYJCGOJGHM-UHFFFAOYSA-N";"4650";"106-51-4";NA;NA;NA;NA;NA;NA;NA
"380";NA;"trans,trans-2,4-hexadienal";"BATOPAZDIZEVQF-MQQKCMAXSA-N";"637564";"142-83-6";NA;NA;NA;NA;NA;NA;NA
"381";NA;"cyclononanone";"BAUZLFKYYIVGPM-UHFFFAOYSA-N";"76877";"3350-30-9";NA;NA;NA;NA;NA;NA;NA
"382";"aromatics";"cis-3-hexenyl benzoate";"BCOXBEHFBZOJJZ-ARJAWSKDSA-N";"5367706";"25152-85-6";NA;NA;NA;NA;NA;NA;NA
"383";NA;"tetradecane";"BGHCVCJVXZWKCC-UHFFFAOYSA-N";"12389";"629-59-4";NA;NA;NA;NA;NA;NA;NA
"384";NA;"cyclopentanone";"BGTOWKSIORTVQH-UHFFFAOYSA-N";"8452";"120-92-3";NA;NA;NA;NA;NA;NA;NA
"385";NA;"2-methylindole";"BHNHHSOHWZKFOX-UHFFFAOYSA-N";"7224";"95-20-5";NA;NA;NA;NA;NA;NA;NA
"386";NA;"heptacosane";"BJQWYEJQWHSSCJ-UHFFFAOYSA-N";"11636";"593-49-7";NA;NA;NA;NA;NA;NA;NA
"387";"amine";"1-methylindole";"BLRHMMGNCXNXJL-UHFFFAOYSA-N";"11781";"603-76-9";NA;NA;NA;NA;NA;NA;NA
"388";NA;"hexylamine";"BMVXCPBXGZKUPN-UHFFFAOYSA-N";"8102";"111-26-2";NA;NA;NA;NA;NA;NA;NA
"389";NA;"myristicin";"BNWJOHGLIBDBOB-UHFFFAOYSA-N";"4276";"607-91-0";NA;NA;NA;NA;NA;NA;NA
"390";NA;"phytol";"BOTWFXYSPFMFNR-PYDDKJGSSA-N";"5280435";"7541-49-3";NA;NA;NA;NA;NA;NA;NA
"391";NA;"(1s)-(+)-3-carene";"BQOFWKZOCNGFEC-BDAKNGLRSA-N";"443156";"498-15-7";NA;NA;NA;NA;NA;NA;NA
"392";NA;"acetylsalicylic acid";"BSYNRYMUTXBXSQ-UHFFFAOYSA-N";"2244";"50-78-2";NA;NA;NA;NA;NA;NA;NA
"393";NA;"cis-2-penten-1-ol";"BTSIZIIPFNVMHF-ARJAWSKDSA-N";"5364919";"1576-95-0";NA;NA;NA;NA;NA;NA;NA
"394";NA;"3-[5,5,6-trimethylbicyclo[2.2.1]hept-2-yl]cyclohexan-1-ol";"BWVZAZPLUTUBKD-UHFFFAOYSA-N";"103005";"3407-42-9";NA;NA;NA;NA;NA;NA;NA
"395";NA;"1-hexadecanol";"BXWNKGSJHAJOGX-UHFFFAOYSA-N";"2682";"36653-82-4";NA;NA;NA;NA;NA;NA;NA
"396";NA;"furfuryl disulfide";"CBJPZHSWLMJQRI-UHFFFAOYSA-N";"20499";"4437-20-1";NA;NA;NA;NA;NA;NA;NA
"397";NA;"1-octadecene";"CCCMONHAUSKTEQ-UHFFFAOYSA-N";"8217";"112-88-9";NA;NA;NA;NA;NA;NA;NA
"398";NA;"s-(+)linalool";"CDOSHBSSFJOMGT-SNVBAGLBSA-N";"67179";"126-90-9";NA;NA;NA;NA;NA;NA;NA
"399";NA;"methacrylic acid";"CERQOIWHTDAKMF-UHFFFAOYSA-N";"4093";"79-41-4";NA;NA;NA;NA;NA;NA;NA
"400";NA;"2-hydroxy-3-methyl-2-cyclopenten-1-one";"CFAKWWQIUFSQFU-UHFFFAOYSA-N";"6660";"80-71-7";NA;NA;NA;NA;NA;NA;NA
"401";NA;"4-methyl anisole";"CHLICZRVGGXEOD-UHFFFAOYSA-N";"7731";"104-93-8";NA;NA;NA;NA;NA;NA;NA
"402";NA;"l-aspartic acid";"CKLJMWTZIZZHCS-UHFFFAOYSA-N";"424";"56-84-8";NA;NA;NA;NA;NA;NA;NA
"403";NA;"2-n-propylfuran";"CPLJMYOQYRCCBY-UHFFFAOYSA-N";"77907";"4229-91-8";NA;NA;NA;NA;NA;NA;NA
"404";NA;"(+)-camphene";"CRPUJAZIXJMDBK-DTWKUNHWSA-N";"92221";"5794-03-6";NA;NA;NA;NA;NA;NA;NA
"405";NA;"(-)-camphene";"CRPUJAZIXJMDBK-BDAKNGLRSA-N";"440966";"5794-04-7";NA;NA;NA;NA;NA;NA;NA
"406";NA;"o-xylene";"CTQNGGLPUBDAKN-UHFFFAOYSA-N";"7237";"95-47-6";NA;NA;NA;NA;NA;NA;NA
"407";"terpenes";"farnesene";"CXENHBSYCFFKJS-VDQVFBMKSA-N";"5281516";"502-61-4";NA;NA;NA;NA;NA;NA;NA
"408";NA;"1,2,3,4-tetrahydronaphthalene";"CXWXQJXEFPUFDZ-UHFFFAOYSA-N";"8404";"119-64-2";NA;NA;NA;NA;NA;NA;NA
"409";NA;"1-bromoeicosane";"CZASMUMJSKOHFJ-UHFFFAOYSA-N";"20271";"4276-49-7";NA;NA;NA;NA;NA;NA;NA
"410";NA;"hexadecane";"DCAYPVUWAIABOU-UHFFFAOYSA-N";"11006";"544-76-3";NA;NA;NA;NA;NA;NA;NA
"411";"aromatics";"acetovanillone";"DFYRUELUNQRZTB-UHFFFAOYSA-N";"2214";"498-02-2";NA;NA;NA;NA;NA;NA;NA
"412";"sulfide";"2-mercaptoethanol";"DGVVWUTYPXICAM-UHFFFAOYSA-N";"1567";"60-24-2";NA;NA;NA;NA;NA;NA;NA
"413";NA;"2-pentyl butyrate";"DJOCFLQKCMWABC-UHFFFAOYSA-N";"43263";"60415-61-4";NA;NA;NA;NA;NA;NA;NA
"414";NA;"4-hydroxy-5-methyl-3-furanone";"DLVYTANECMRFGX-UHFFFAOYSA-N";"4564493";"19322-27-1";NA;NA;NA;NA;NA;NA;NA
"415";"alcohol";"1,2-propanediol";"DNIAPMSPPWPWGF-UHFFFAOYSA-N";"1030";"57-55-6";NA;NA;NA;NA;NA;NA;NA
"416";NA;"(-)-camphor";"DSSYKIVIOFKYAU-OMNKOJBGSA-N";"10050";"464-48-2";NA;NA;NA;NA;NA;NA;NA
"417";NA;"camphor (+ -)";"DSSYKIVIOFKYAU-UHFFFAOYSA-N";"2537";"76-22-2";NA;NA;NA;NA;NA;NA;NA
"418";NA;"isoborneol";"DTGKSKDOIYIVQL-XKSSXDPKSA-N";"61060";"124-76-5";NA;NA;NA;NA;NA;NA;NA
"419";NA;"(+)-borneol";"DTGKSKDOIYIVQL-ZCUBBSJVSA-N";"439568";"464-43-7";NA;NA;NA;NA;NA;NA;NA
"420";NA;"4-pentenyl butanoate";"DTGXDHGNUDOWJS-UHFFFAOYSA-N";"520485";"30563-31-6";NA;NA;NA;NA;NA;NA;NA
"421";NA;"(+)-ß-cedrene";"DYLPEFGBWGEFBB-OSFYFWSMSA-N";"11106485";"546-28-1";NA;NA;NA;NA;NA;NA;NA
"422";NA;"3,4-dihydroxyhydrocinnamic acid";"DZAUWHJDUNRCTF-UHFFFAOYSA-N";"348154";"1078-61-1";NA;NA;NA;NA;NA;NA;NA
"423";NA;"4-methylvaleric acid";"FGKJLKRYENPLQH-UHFFFAOYSA-N";"12587";"646-07-1";NA;NA;NA;NA;NA;NA;NA
"424";NA;"pentyl valerate";"FGPPDYNPZTUNIU-UHFFFAOYSA-N";"62433";"2173-56-0";NA;NA;NA;NA;NA;NA;NA
"425";NA;"1,2- hexanediol";"FHKSXSQHXQEMOK-LURJTMIESA-N";"7017948";"6920-22-5";NA;NA;NA;NA;NA;NA;NA
"426";NA;"tricosane";"FIGVVZUWCLSUEI-UHFFFAOYSA-N";"12534";"638-67-5";NA;NA;NA;NA;NA;NA;NA
"427";NA;"heneicosan";"FNAZRRHPUDJQCJ-UHFFFAOYSA-N";"12403";"629-94-7";NA;NA;NA;NA;NA;NA;NA
"428";NA;"trans-nerolidol";"FQTLCLSUCSAZDY-SDNWHVSQSA-N";"5284507";"40716-66-3";NA;NA;NA;NA;NA;NA;NA
"429";NA;"(-)-ß-citronellene";"FUDNBFMOXDUIIE-JTQLQIEISA-N";"10997105";"10281-56-8";NA;NA;NA;NA;NA;NA;NA
"430";"aromatics";"4-vinylphenol";"FUGYGGDSWSUORM-UHFFFAOYSA-N";"62453";"2628-17-3";NA;NA;NA;NA;NA;NA;NA
"431";"aromatics";"4-phenyl-2-butanol";"GDWRKZLROIFUML-UHFFFAOYSA-N";"61302";"2344-70-9";NA;NA;NA;NA;NA;NA;NA
"432";NA;"methyl jasmonate";"GEWDNTWNSAZUDX-WQMVXFAESA-N";"5281929";"1211-29-6";NA;NA;NA;NA;NA;NA;NA
"433";NA;"decanoic acid";"GHVNFZFCNZKVNT-UHFFFAOYSA-N";"2969";"334-48-5";NA;NA;NA;NA;NA;NA;NA
"434";NA;"citronellic acid";"GJWSUKYXUMVMGX-UHFFFAOYSA-N";"10402";"502-47-6";NA;NA;NA;NA;NA;NA;NA
"435";NA;"1-octadecanol";"GLDOVTGHNKAZLK-UHFFFAOYSA-N";"8221";"112-92-5";NA;NA;NA;NA;NA;NA;NA
"436";NA;"4-bromobutyric acid";"GRHQDJDRGZFIPO-UHFFFAOYSA-N";"75809";"2623-87-2";NA;NA;NA;NA;NA;NA;NA
"437";NA;"1,2,4-trimethylbenzene";"GWHJZXXIDMPWGX-UHFFFAOYSA-N";"7247";"95-63-6";NA;NA;NA;NA;NA;NA;NA
"438";NA;"cis-3-hexanal";"GXANMBISFKBPEX-ARJAWSKDSA-N";"643941";"6789-80-6";NA;NA;NA;NA;NA;NA;NA
"439";NA;"ethyl salicylate";"GYCKQBWUSACYIF-UHFFFAOYSA-N";"8365";"118-61-6";NA;NA;NA;NA;NA;NA;NA
"440";NA;"dodecyl aldehyde";"HFJRKMMYBMWEAD-UHFFFAOYSA-N";"8194";"112-54-9";NA;NA;NA;NA;NA;NA;NA
"441";NA;"4-ethylcatechol";"HFLGBNBLMBSXEM-UHFFFAOYSA-N";"70761";"1124-39-6";NA;NA;NA;NA;NA;NA;NA
"442";NA;"dimethyl sulfone";"HHVIBTZHLRERCL-UHFFFAOYSA-N";"6213";"67-71-0";NA;NA;NA;NA;NA;NA;NA
"443";NA;"levoglucosenone";"HITOXZPZGPXYHY-UJURSFKZSA-N";"699486";"37112-31-5";NA;NA;NA;NA;NA;NA;NA
"444";NA;"1-tetradecanol";"HLZKNKRTKFSKGZ-UHFFFAOYSA-N";"8209";"112-72-1";NA;NA;NA;NA;NA;NA;NA
"445";"aromatics";"3-ethylphenol";"HMNKTRSOROOSPP-UHFFFAOYSA-N";"12101";"620-17-7";NA;NA;NA;NA;NA;NA;NA
"446";NA;"hexacosane";"HMSWAIKSFDFLKN-UHFFFAOYSA-N";"12407";"630-01-3";NA;NA;NA;NA;NA;NA;NA
"447";NA;"2-pyrrolidinone";"HNJBEVLQSNELDL-UHFFFAOYSA-N";"12025";"616-45-5";NA;NA;NA;NA;NA;NA;NA
"448";NA;"docosane";"HOWGUJZVBDQJKV-UHFFFAOYSA-N";"12405";"629-97-0";NA;NA;NA;NA;NA;NA;NA
"449";"esters";"methyl cedryl ether";"HRGPYCVTDOECMG-WALBABNVSA-N";"88288";"19870-74-7";NA;NA;NA;NA;NA;NA;NA
"450";NA;"3-methylcyclohexanol, mixture of cis and trans";"HTSABYAWKQAHBT-UHFFFAOYSA-N";"11566";"591-23-1";NA;NA;NA;NA;NA;NA;NA
"451";NA;"2-ethyltoluene";"HYFLWBNQFMXCPA-UHFFFAOYSA-N";"11903";"611-14-3";NA;NA;NA;NA;NA;NA;NA
"452";NA;"(1R)-endo-(+)-fenchyl alcohol";"IAIHUHQCLTYTSF-OYNCUSHFSA-N";"6997371";"2217-02-9";NA;NA;NA;NA;NA;NA;NA
"453";NA;"cis-3-hexenyl salicylate";"IEPWIPZLLIOZLU-ONEGZZNKSA-N";"6021887";"65405-77-8";NA;NA;NA;NA;NA;NA;NA
"454";NA;"3-methylpentanoic acid";"IGIDLTISMCAULB-UHFFFAOYSA-N";"7755";"105-43-1";NA;NA;NA;NA;NA;NA;NA
"455";"terpenes";"ocimene";"IHPKGUQCSIINRJ-CSKARUKUSA-N";"5281553";"13877-91-3";NA;NA;NA;NA;NA;NA;NA
"456";NA;"z-(ß)-ocimene";"IHPKGUQCSIINRJ-NTMALXAHSA-N";"5320250";"3338-55-4";NA;NA;NA;NA;NA;NA;NA
"457";NA;"benzothiazole";"IOJUPLGTWVMSFF-UHFFFAOYSA-N";"7222";"95-16-9";NA;NA;NA;NA;NA;NA;NA
"458";NA;"palmitic acid";"IPCSVZSSVZVIGE-UHFFFAOYSA-N";"985";"57-10-3";NA;NA;NA;NA;NA;NA;NA
"459";NA;"(-)-alpha-cedrene";"IRAQOCYXUMOFCW-OSFYFWSMSA-N";"6431015";"469-61-4";NA;NA;NA;NA;NA;NA;NA
"460";NA;"m-xylene";"IVSZLXZYQVIEFR-UHFFFAOYSA-N";"7929";"108-38-3";NA;NA;NA;NA;NA;NA;NA
"461";NA;"3-methyl-1-pentanol";"IWTBVKIGCDZRPL-UHFFFAOYSA-N";"11508";"589-35-5";NA;NA;NA;NA;NA;NA;NA
"462";"aromatics";"phenethyl isobutyrate";"JDQVBGQWADMTAM-UHFFFAOYSA-N";"7655";"103-48-0";NA;NA;NA;NA;NA;NA;NA
"463";NA;"z-11-hexadecenoic acid";"JGMYDQCXGIMHLL-WAYWQWQTSA-N";"5312414";"2416-20-8";NA;NA;NA;NA;NA;NA;NA
"464";NA;"2-methyl-2-pentenoic acid";"JJYWRQLLQAKNAD-SNAWJCMRSA-M";"7006461";"3142-72-1";NA;NA;NA;NA;NA;NA;NA
"465";NA;"1-bromopentadecane";"JKOTZBXSNOGCIF-UHFFFAOYSA-N";"12394";"629-72-1";NA;NA;NA;NA;NA;NA;NA
"466";NA;"cis-3-hexenyl tiglate";"JNWQKXUWZWKUAY-BAGHCZIJSA-N";"6435033";"67883-79-8";NA;NA;NA;NA;NA;NA;NA
"467";NA;"4-ethyl toluene";"JRLPEMVDPFPYPJ-UHFFFAOYSA-N";"12160";"622-96-8";NA;NA;NA;NA;NA;NA;NA
"468";NA;"l-(+)-lactic acid";"JVTAAEKCZFNVCJ-REOHCLBHSA-N";"107689";"79-33-4";NA;NA;NA;NA;NA;NA;NA
"469";NA;"isobutylamine";"KDSNLYIMUZNERS-UHFFFAOYSA-N";"6558";"78-81-9";NA;NA;NA;NA;NA;NA;NA
"470";NA;"isobutyl isovalerate";"KEBDNKNVCHQIJU-UHFFFAOYSA-N";"11514";"589-59-3";NA;NA;NA;NA;NA;NA;NA
"471";NA;"4-chloro-2-isopropyl-5-methylphenol";"KFZXVMNBUMVKLN-UHFFFAOYSA-N";"6982";"89-68-9";NA;NA;NA;NA;NA;NA;NA
"472";"terpenes";"bornyl acetate";"KGEKLUUHTZCSIP-UHFFFAOYSA-N";"6448";"76-49-3";NA;NA;NA;NA;NA;NA;NA
"473";NA;"7-methylindole";"KGWPHCDTOLQQEP-UHFFFAOYSA-N";"70275";"933-67-5";NA;NA;NA;NA;NA;NA;NA
"474";NA;"cis-2-hexenyl crotonate";"KITGYVIOYOCIIE-PTFSRLPTSA-N";"6436990";"65405-80-3";NA;NA;NA;NA;NA;NA;NA
"475";NA;"undecanal";"KMPQYAYAQWNLME-UHFFFAOYSA-N";"8186";"112-44-7";NA;NA;NA;NA;NA;NA;NA
"476";NA;"propiophenone";"KRIOVPPHQSLHCZ-UHFFFAOYSA-N";"7148";"93-55-0";NA;NA;NA;NA;NA;NA;NA
"477";NA;"ferulic acid";"KSEBMYQBYZTDHS-HWKANZROSA-N";"445858";"537-98-4";NA;NA;NA;NA;NA;NA;NA
"478";NA;"3,7-dimethyl-1-octene";"KSXTZYRIJKDCEA-UHFFFAOYSA-N";"21085";"4984-01-4";NA;NA;NA;NA;NA;NA;NA
"479";NA;"1-octene";"KWKAKUADMBZCLK-UHFFFAOYSA-N";"8125";"111-66-0";NA;NA;NA;NA;NA;NA;NA
"480";NA;"2-undecanone";"KYWIYKKSMDLRDC-UHFFFAOYSA-N";"8163";"112-12-9";NA;NA;NA;NA;NA;NA;NA
"481";"aromatics";"isobutyl benzoate";"KYZHGEFMXZOSJN-UHFFFAOYSA-N";"61048";"120-50-3";NA;NA;NA;NA;NA;NA;NA
"482";NA;"beta-himachalene";"LCOSCMLXPAQCLQ-UHFFFAOYSA-N";"15095";"1461-03-6";NA;NA;NA;NA;NA;NA;NA
"483";NA;"2-ethyl hexanal";"LGYNIFWIKSEESD-UHFFFAOYSA-N";"31241";"123-05-7";NA;NA;NA;NA;NA;NA;NA
"484";NA;"propylene glycol monomethyl ether acetate";"LLHKCFNBLRBOGN-UHFFFAOYSA-N";"7946";"108-65-6";NA;NA;NA;NA;NA;NA;NA
"485";NA;"trans-2-hexenyl propionate";"LPWKTEHEFDVAQS-VOTSOKGWSA-N";"5352463";"53398-80-4";NA;NA;NA;NA;NA;NA;NA
"486";NA;"ethyl 3-methyl-3-phenylglycidate";"LQKRYVGRPXFFAV-UHFFFAOYSA-N";"6501";"77-83-8";NA;NA;NA;NA;NA;NA;NA
"487";NA;"6-methylquinoline";"LUYISICIYVKBTA-UHFFFAOYSA-N";"7059";"91-62-3";NA;NA;NA;NA;NA;NA;NA
"488";NA;"4-hydroxy-2-butanone";"LVSQXDHWDCMMRJ-UHFFFAOYSA-N";"111509";"590-90-9";NA;NA;NA;NA;NA;NA;NA
"489";NA;"(-)-ethyl l-lactate";"LZCLXQDLBQLTDK-BYPYZUCNSA-N";"92831";"687-47-8";NA;NA;NA;NA;NA;NA;NA
"490";NA;"3-methoxy-3-methyl-1-butanol";"MFKRHJVUCZRDTF-UHFFFAOYSA-N";"62118";"56539-66-3";NA;NA;NA;NA;NA;NA;NA
"491";NA;"2-(ethylamino)ethanol";"MIJDSYMOBYNHOT-UHFFFAOYSA-N";"8072";"110-73-6";NA;NA;NA;NA;NA;NA;NA
"492";NA;"1-bromohexane";"MNDIARAMWBIKFW-UHFFFAOYSA-N";"8101";"111-25-1";NA;NA;NA;NA;NA;NA;NA
"493";NA;"alpha-pentylcinnamaldehyde diethyl acetal";"MPKOLWUWOADQCX-BMRADRMJSA-N";"5875676";"60763-41-9";NA;NA;NA;NA;NA;NA;NA
"494";NA;"2-methyl-2-butanol";"MSXVEPNJUHWQHW-UHFFFAOYSA-N";"6405";"75-85-4";NA;NA;NA;NA;NA;NA;NA
"495";NA;"dimethyl succinate";"MUXOBHXGJLMRAB-UHFFFAOYSA-N";"7820";"106-65-0";NA;NA;NA;NA;NA;NA;NA
"496";NA;"1-bromodecane";"MYMSJFSOOQERIO-UHFFFAOYSA-N";"8173";"112-29-8";NA;NA;NA;NA;NA;NA;NA
"497";NA;"(+/-)-sabinene";"NDVASEGYNIMXJL-UHFFFAOYSA-N";"18818";"3387-41-5";NA;NA;NA;NA;NA;NA;NA
"498";NA;"p-coumaric acid";"NGSWKAQJJWESNS-ZZXKWVIFSA-N";"637542";"501-98-4";NA;NA;NA;NA;NA;NA;NA
"499";NA;"2,5-dimethyl-2,5-dihydroxy-1,4-dithiane";"NHKIYYMFGJBOTK-UHFFFAOYSA-N";"62105";"55704-78-4";NA;NA;NA;NA;NA;NA;NA
"500";NA;"acrylic acid";"NIXOWILDQLNWCW-UHFFFAOYSA-N";"6581";"79-10-7";NA;NA;NA;NA;NA;NA;NA
"501";NA;"6-isopropylquinoline";"NKCQEIXYLHACJC-UHFFFAOYSA-N";"67285";"135-79-5";NA;NA;NA;NA;NA;NA;NA
"502";NA;"3-(4-hydroxyphenyl)propionic acid";"NMHMNPHRMNGLLB-UHFFFAOYSA-N";"10394";"501-97-3";NA;NA;NA;NA;NA;NA;NA
"503";NA;"methyl isoeugenol";"NNWHUJCUHAELCL-SNAWJCMRSA-N";"637776";"93-16-3";NA;NA;NA;NA;NA;NA;NA
"504";NA;"cis-2-nonen-1-ol";"NSSALFVIQPAIQK-BQYQJAHWSA-N";"5364941";"22104-79-6";NA;NA;NA;NA;NA;NA;NA
"505";NA;"(-)-caryophyllene oxide";"NVEQFIOZRFFVFW-RGCMKSIDSA-N";"1742210";"1139-30-6";NA;NA;NA;NA;NA;NA;NA
"506";NA;"6-bromohexanoic acid";"NVRVNSHHLPQGCU-UHFFFAOYSA-M";"20210";"4224-70-8";NA;NA;NA;NA;NA;NA;NA
"507";NA;"isobutyl-2-methylbutyrate";"NWZQCEQAPBRMFX-UHFFFAOYSA-N";"102820";"2445-67-2";NA;NA;NA;NA;NA;NA;NA
"508";NA;"methyl 2-methylbutyrate";"OCWLYWIFNDCWRZ-UHFFFAOYSA-N";"13357";"868-57-5";NA;NA;NA;NA;NA;NA;NA
"509";NA;"propyl benzene";"ODLMAHJVESYWTB-UHFFFAOYSA-N";"7668";"103-65-1";NA;NA;NA;NA;NA;NA;NA
"510";NA;"1,3,5-trimethylcyclohexane";"ODNRTOSCFYDTKF-UHFFFAOYSA-N";"35364";"1839-63-0";NA;NA;NA;NA;NA;NA;NA
"511";"terpenes";"alpha-phellandrene";"OGLDWXZKYODSOB-SNVBAGLBSA-N";"442482";"99-83-2";NA;NA;NA;NA;NA;NA;NA
"512";NA;"(r)-6-methyl-5-hepten-2-ol";"OHEFFKYYKJVVOX-MRVPVSSYSA-N";"6971128";"58917-27-4";NA;NA;NA;NA;NA;NA;NA
"513";NA;"(s)-6-methyl-5-hepten-2-ol";"OHEFFKYYKJVVOX-QMMMGPOBSA-N";"6971127";"58917-26-3";NA;NA;NA;NA;NA;NA;NA
"514";NA;"(±)-6-methyl-5-hepten-2-ol";"OHEFFKYYKJVVOX-UHFFFAOYSA-N";"20745";"1569-60-4";NA;NA;NA;NA;NA;NA;NA
"515";NA;"2,5-hexanedione";"OJVAMHKKJGICOG-UHFFFAOYSA-N";"8035";"110-13-4";NA;NA;NA;NA;NA;NA;NA
"516";NA;"iodoform";"OKJPEAGHQZHRQV-UHFFFAOYSA-N";"6374";"75-47-8";NA;NA;NA;NA;NA;NA;NA
"517";NA;"galaxolide";"ONKNPOPIGWHAQC-UHFFFAOYSA-N";"91497";"1222-05-5";NA;NA;NA;NA;NA;NA;NA
"518";NA;"beta-elemene";"OPFTUNCRGUEPRZ-UHFFFAOYSA-N";"10583";"33880-83-0";NA;NA;NA;NA;NA;NA;NA
"519";NA;"cis-3-hexenyl isobutyrate";"OSMAJVWUIUORGC-WAYWQWQTSA-N";"5352539";"41519-23-7";NA;NA;NA;NA;NA;NA;NA
"520";NA;"butyl 2-methylbutyrate";"OTKQNSSMCDLVQV-UHFFFAOYSA-N";"61812";"15706-73-7";NA;NA;NA;NA;NA;NA;NA
"521";NA;"l-tyrosine";"OUYCCCASQSFEME-UHFFFAOYSA-N";"1153";"60-18-4";NA;NA;NA;NA;NA;NA;NA
"522";NA;"maritima";"OVJCOXQJBRJIRJ-OVCLIPMQSA-N";"6441026";"38462-23-6";NA;NA;NA;NA;NA;NA;NA
"523";NA;"trans-2-hexenyl butyrate";"PCGACKLJNBBQGM-VOTSOKGWSA-N";"5352461";"53398-83-7";NA;NA;NA;NA;NA;NA;NA
"524";NA;"(+)-longifolene";"PDSNLYSELAIEBU-UHFFFAOYSA-N";"289151";"475-20-7";NA;NA;NA;NA;NA;NA;NA
"525";NA;"undecanoic -gamma-lactone";"PHXATPHONSXBIL-JTQLQIEISA-N";"441644";"104-67-6";NA;NA;NA;NA;NA;NA;NA
"526";NA;"ethylenediamine";"PIICEJLVQHRZGT-UHFFFAOYSA-N";"3301";"107-15-3";NA;NA;NA;NA;NA;NA;NA
"527";NA;"ethylene glycol butyl ether";"POAOYUHQDCAZBD-UHFFFAOYSA-N";"8133";"111-76-2";NA;NA;NA;NA;NA;NA;NA
"528";NA;"tetracosane";"POOSGDOYLQNASK-UHFFFAOYSA-N";"12592";"646-31-1";NA;NA;NA;NA;NA;NA;NA
"529";NA;"dodecanoic acid";"POULHZVOKOAJMA-UHFFFAOYSA-N";"3893";"143-07-7";NA;NA;NA;NA;NA;NA;NA
"530";NA;"styrene";"PPBRXRYQALVLMV-UHFFFAOYSA-N";"7501";"100-42-5";NA;NA;NA;NA;NA;NA;NA
"531";"acids";"caffeic acid";"QAIPRVGONGVQAS-RQOWECAXSA-N";"1549111";"331-39-5";NA;NA;NA;NA;NA;NA;NA
"532";NA;"4-methyl-2-pentenoic acid";"QAOXMQCWUWZZNC-ONEGZZNKSA-M";"6930847";"10321-71-8";NA;NA;NA;NA;NA;NA;NA
"533";NA;"bromobenzene";"QARVLSVVCXYDNA-UHFFFAOYSA-N";"7961";"108-86-1";NA;NA;NA;NA;NA;NA;NA
"534";"aromatics";"2-phenoxyethanol";"QCDWFXQBSFUVSP-UHFFFAOYSA-N";"31236";"122-99-6";NA;NA;NA;NA;NA;NA;NA
"535";"terpenes";"valencene";"QEBNYNLSCGVZOH-UHFFFAOYSA-N";"288227";"4630-07-3";NA;NA;NA;NA;NA;NA;NA
"536";NA;"stearic acid";"QIQXTHQIDYTFRH-UHFFFAOYSA-N";"5281";"57-11-4";NA;NA;NA;NA;NA;NA;NA
"537";NA;"dihydro-ß-ionone";"QJJDNZGPQDGNDX-UHFFFAOYSA-N";"519382";"17283-81-7";NA;NA;NA;NA;NA;NA;NA
"538";NA;"2-cyclohexylethanol";"QJQZRLXDLORINA-UHFFFAOYSA-N";"20508";"4442-79-9";NA;NA;NA;NA;NA;NA;NA
"539";"aromatics";"n-pentyl benzoate";"QKNZNUNCDJZTCH-UHFFFAOYSA-N";"16296";"2049-96-9";NA;NA;NA;NA;NA;NA;NA
"540";NA;"2-methyl-1-butanol";"QPRQEDXDYOZYLA-UHFFFAOYSA-N";"8723";"137-32-6";NA;NA;NA;NA;NA;NA;NA
"541";NA;"3-propyltoluene";"QUEBYVKXYIKVSO-UHFFFAOYSA-N";"14092";"1074-43-7";NA;NA;NA;NA;NA;NA;NA
"542";NA;"methyl oleate";"QYDYPVFESGNLHU-ZHACJKMWSA-N";"5280590";"112-62-9";NA;NA;NA;NA;NA;NA;NA
"543";NA;"1-pentadecanol";"REIUXOLGHVXAEO-UHFFFAOYSA-N";"12397";"629-76-5";NA;NA;NA;NA;NA;NA;NA
"544";NA;"o-dichlorobenzene";"RFFLAFLAYFXFSW-UHFFFAOYSA-N";"7239";"95-50-1";NA;NA;NA;NA;NA;NA;NA
"545";NA;"cis-3-hexenyl hexanoate";"RGACQXBDYBCJCY-ALCCZGGFSA-N";"5352543";"31501-11-8";NA;NA;NA;NA;NA;NA;NA
"546";NA;"isobutyl butyrate";"RGFNRWTWDWVHDD-UHFFFAOYSA-N";"10885";"539-90-2";NA;NA;NA;NA;NA;NA;NA
"547";NA;"z-11-hexadecen-1-ol";"RHVMNRHQWXIJIS-WAYWQWQTSA-N";"5283305";"56683-54-6";NA;NA;NA;NA;NA;NA;NA
"548";NA;"isoprene";"RRHGJUQNOFWUDK-UHFFFAOYSA-N";"6557";"78-79-5";NA;NA;NA;NA;NA;NA;NA
"549";NA;"undecane";"RSJKGSCJYJTIGS-UHFFFAOYSA-N";"14257";"1120-21-4";NA;NA;NA;NA;NA;NA;NA
"550";NA;"3-nitrophenol";"RTZZCYNQPHTPPL-UHFFFAOYSA-N";"11137";"554-84-7";NA;NA;NA;NA;NA;NA;NA
"551";NA;"cumene";"RWGFKTVRMDUZSP-UHFFFAOYSA-N";"7406";"98-82-8";NA;NA;NA;NA;NA;NA;NA
"552";NA;"isobutyl isobutyrate";"RXGUIWHIADMCFC-UHFFFAOYSA-N";"7351";"97-85-8";NA;NA;NA;NA;NA;NA;NA
"553";NA;"1-methyl-2-pyrrolidinone";"SECXISVLQFMRJM-UHFFFAOYSA-N";"13387";"872-50-4";NA;NA;NA;NA;NA;NA;NA
"554";"aromatics";"benzyl benzoate";"SESFRYSPDFLNCH-UHFFFAOYSA-N";"2345";"120-51-4";NA;NA;NA;NA;NA;NA;NA
"555";NA;"2-methylnonane";"SGVYKUFIHHTIFL-UHFFFAOYSA-N";"13379";"871-83-0";NA;NA;NA;NA;NA;NA;NA
"556";NA;"l-(-)-nicotine";"SNICXCGAKADSCV-JTQLQIEISA-N";"89594";"54-11-5";NA;NA;NA;NA;NA;NA;NA
"557";NA;"dodecane";"SNRUBQQJIBEYMU-UHFFFAOYSA-N";"8182";"112-40-3";NA;NA;NA;NA;NA;NA;NA
"558";NA;"3-methyl-2-butenyl butanoate";"SQIPCPAQCPMJFW-UHFFFAOYSA-N";"530923";"71820-56-9";NA;NA;NA;NA;NA;NA;NA
"559";NA;"furan-3-methanol";"STJIISDMSMJQQK-UHFFFAOYSA-N";"20449";"4412-91-3";NA;NA;NA;NA;NA;NA;NA
"560";NA;"4-hydroxy-4-methyl-2-pentanone";"SWXVUIWOUIDPGS-UHFFFAOYSA-N";"31256";"123-42-2";NA;NA;NA;NA;NA;NA;NA
"561";NA;"cyclodecanone";"SXOZDDAFVJANJP-UHFFFAOYSA-N";"73918";"1502-06-3";NA;NA;NA;NA;NA;NA;NA
"562";NA;"3-methyl-2-butanone";"SYBYTAAJFKOIEJ-UHFFFAOYSA-N";"11251";"563-80-4";NA;NA;NA;NA;NA;NA;NA
"563";"aromatics";"4-methyl-2-nitrophenol";"SYDNSSSQVSOXTN-UHFFFAOYSA-N";"8391";"119-33-5";NA;NA;NA;NA;NA;NA;NA
"564";NA;"myristic acid";"TUNFSRHWOTWDNC-UHFFFAOYSA-N";"11005";"544-63-8";NA;NA;NA;NA;NA;NA;NA
"565";NA;"ethyl 2-aminobenzoate";"TWLLPUMZVVGILS-UHFFFAOYSA-N";"6877";"87-25-2";NA;NA;NA;NA;NA;NA;NA
"566";NA;"isoamyl valerate";"UBLAMKHIFZBBSS-UHFFFAOYSA-N";"74901";"2050-09-1";NA;NA;NA;NA;NA;NA;NA
"567";NA;"2-dimethylaminoethanol";"UEEJHVSXFDXPFK-UHFFFAOYSA-N";"7902";"108-01-0";NA;NA;NA;NA;NA;NA;NA
"568";NA;"naphthalene";"UFWIBTONFRDIAS-UHFFFAOYSA-N";"931";"91-20-3";NA;NA;NA;NA;NA;NA;NA
"569";NA;"2-methyl-cis-2-butenoic acid";"UIERETOOQGIECD-ARJAWSKDSA-N";"643915";"565-63-9";NA;NA;NA;NA;NA;NA;NA
"570";NA;"trans-2-methyl-2-butenoic acid";"UIERETOOQGIECD-ONEGZZNKSA-N";"125468";"80-59-1";NA;NA;NA;NA;NA;NA;NA
"571";NA;"3-pentenoic acid";"UIUWNILCHFBLEQ-NSCUHMNNSA-N";"5282706";"5204-64-8";NA;NA;NA;NA;NA;NA;NA
"572";NA;"isopropyl laurate";"UJPPXNXOEVDSRW-UHFFFAOYSA-N";"25068";"10233-13-3";NA;NA;NA;NA;NA;NA;NA
"573";NA;"2-ethylbutyraldehyde";"UNNGUFMVYQJGTD-UHFFFAOYSA-N";"7359";"97-96-1";NA;NA;NA;NA;NA;NA;NA
"574";NA;"decahydro-2-naphthol";"UPMAOXLCTXPPAG-UHFFFAOYSA-N";"13216";"825-51-4";NA;NA;NA;NA;NA;NA;NA
"575";NA;"cyclounedecanone";"UPOSSYJVWXLPTA-UHFFFAOYSA-N";"13420";"878-13-7";NA;NA;NA;NA;NA;NA;NA
"576";NA;"n-caproic acid trans-2-hexen-1-yl ester";"UQPLEMTXCSYMEK-VQHVLOKHSA-N";"5352973";"53398-86-0";NA;NA;NA;NA;NA;NA;NA
"577";NA;"triacetin";"URAYPUMNDPQOKB-UHFFFAOYSA-N";"5541";"102-76-1";NA;NA;NA;NA;NA;NA;NA
"578";NA;"p-xylene anhydrous";"URLKBWYHVLBVBO-UHFFFAOYSA-N";"7809";"106-42-3";NA;NA;NA;NA;NA;NA;NA
"579";NA;"2,2'-thiodiacetic acid";"UVZICZIVKIMRNE-UHFFFAOYSA-N";"31277";"123-93-3";NA;NA;NA;NA;NA;NA;NA
"580";NA;"isobutyl hexanoate";"UXUPPWPIGVTVQI-UHFFFAOYSA-N";"7775";"105-79-3";NA;NA;NA;NA;NA;NA;NA
"581";NA;"methyl 2-aminobenzoate";"VAMXMNNIEUEQDV-UHFFFAOYSA-N";"8635";"134-20-3";NA;NA;NA;NA;NA;NA;NA
"582";NA;"5-methyl-5-hexen-2-one";"VBCIOOKAKHGVMI-UHFFFAOYSA-N";"228604";"3240-09-3";NA;NA;NA;NA;NA;NA;NA
"583";NA;"cis-5-octen-1-ol";"VDHRTASWKDTLER-ARJAWSKDSA-N";"5352837";"64275-73-6";NA;NA;NA;NA;NA;NA;NA
"584";NA;"isoamyl 2-methylbutyrate";"VGIRHYHLQKDEPP-UHFFFAOYSA-N";"520326";"27625-35-0";NA;NA;NA;NA;NA;NA;NA
"585";"aromatics";"4-ethylresorcinol";"VGMJYYDKPUPTID-UHFFFAOYSA-N";"17927";"2896-60-8";NA;NA;NA;NA;NA;NA;NA
"586";NA;"benzyl propionate";"VHOMAPWVLKRQAZ-UHFFFAOYSA-N";"31219";"122-63-4";NA;NA;NA;NA;NA;NA;NA
"587";NA;"(-)-a-copaene";"VLXDPFLIRFYIME-ZPWMNFGTSA-N";"442355";"3856-25-5";NA;NA;NA;NA;NA;NA;NA
"588";"aromatics";"benzyl butyrate";"VONGZNXBKCOUHB-UHFFFAOYSA-N";"7650";"103-37-7";NA;NA;NA;NA;NA;NA;NA
"589";NA;"(r)-(-)-1-octen-3-ol";"VSMOENVRRABVKN-QMMMGPOBSA-N";"6992244";"3687-48-7";NA;NA;NA;NA;NA;NA;NA
"590";NA;"p-toluquinone";"VTWDKFNVVLAELH-UHFFFAOYSA-N";"11122";"553-97-9";NA;NA;NA;NA;NA;NA;NA
"591";NA;"2,3-dimethyl heptane";"WBRFDUJXCLCKPX-UHFFFAOYSA-N";"26375";"3074-71-3";NA;NA;NA;NA;NA;NA;NA
"592";NA;"1,4-butanediol";"WERYXYBDKMZEQL-UHFFFAOYSA-N";"8064";"110-63-4";NA;NA;NA;NA;NA;NA;NA
"593";NA;"cis-2-penten-1-yl acetate";"WGGJTPQHVFOGPN-PLNGDYQASA-N";"5363400";"42125-10-0";NA;NA;NA;NA;NA;NA;NA
"594";NA;"propylamine";"WGYKZJWCGVVSQN-UHFFFAOYSA-N";"7852";"107-10-8";NA;NA;NA;NA;NA;NA;NA
"595";NA;"6,10,14-trimethyl-2-pentadecanone";"WHWDWIHXSPCOKZ-UHFFFAOYSA-N";"10408";"502-69-2";NA;NA;NA;NA;NA;NA;NA
"596";NA;"(±)-2-methylbutyric acid";"WLAMNBDJUVNPJU-UHFFFAOYSA-N";"8314";"116-53-0";NA;NA;NA;NA;NA;NA;NA
"597";"aromatics";"phenylacetaldehyde dimethyl acetal";"WNJSKZBEWNVKGU-UHFFFAOYSA-N";"60995";"101-48-4";NA;NA;NA;NA;NA;NA;NA
"598";NA;"5-bromovaleric acid";"WNXNUPJZWYOKMW-UHFFFAOYSA-N";"16368";"2067-33-6";NA;NA;NA;NA;NA;NA;NA
"599";NA;"dimethyl disulfide";"WQOXQRCZOLPYPM-UHFFFAOYSA-N";"12232";"624-92-0";NA;NA;NA;NA;NA;NA;NA
"600";NA;"amyl hexanoate";"WRFZKAGPPQGDDQ-UHFFFAOYSA-N";"10886";"540-07-8";NA;NA;NA;NA;NA;NA;NA
"601";NA;"(+)-limonene oxide";"CCEFMUBVSUDRLG-XNWIYYODSA-N";"441245";"203719-54-4";NA;NA;NA;NA;NA;NA;NA
"602";NA;"(+)-nootkatone";"WTOYNNBCKUYIKC-JMSVASOKSA-N";"1268142";"4674-50-4";NA;NA;NA;NA;NA;NA;NA
"603";NA;"methyl linoleate";"WTTJVINHCBCLGX-NQLNTKRDSA-N";"5284421";"112-63-0";NA;NA;NA;NA;NA;NA;NA
"604";NA;"musk ketone";"WXCMHFPAUCOJIG-UHFFFAOYSA-N";"6669";"81-14-1";NA;NA;NA;NA;NA;NA;NA
"605";"aromatics";"m-cymene";"XCYJPXQACVEIOS-UHFFFAOYSA-N";"10812";"535-77-3";NA;NA;NA;NA;NA;NA;NA
"606";NA;"methyl trans-3-hexenoate";"XEAIHUDTEINXFG-SNAWJCMRSA-N";"5362782";"2396-78-3";NA;NA;NA;NA;NA;NA;NA
"607";NA;"1-tridecanol";"XFRVVPUIAFSTFO-UHFFFAOYSA-N";"8207";"112-70-9";NA;NA;NA;NA;NA;NA;NA
"608";NA;"isoamyl isovalerate";"XINCECQTMHSORG-UHFFFAOYSA-N";"12613";"659-70-1";NA;NA;NA;NA;NA;NA;NA
"609";NA;"cis-3-hexenyl formate";"XJHQVZQZUGLZLS-ARJAWSKDSA-N";"5365587";"33467-73-1";NA;NA;NA;NA;NA;NA;NA
"610";NA;"taurine";"XOAAWQZATWQOTB-UHFFFAOYSA-N";"1123";"107-35-7";NA;NA;NA;NA;NA;NA;NA
"611";NA;"hexenyl-cis-3-valerate";"XPFTVTFOOTVHIA-FNORWQNLSA-N";"5352976";"35852-46-1";NA;NA;NA;NA;NA;NA;NA
"612";"alcohol";"furfuryl alcohol";"XPFVYQJUAUNWIW-UHFFFAOYSA-N";"7361";"98-00-0";NA;NA;NA;NA;NA;NA;NA
"613";"aromatics";"butyl benzoate";"XSIFPSYPOVKYCO-UHFFFAOYSA-N";"8698";"136-60-7";NA;NA;NA;NA;NA;NA;NA
"614";NA;"isopropyl palmitate";"XUGNVMKQXJXZCD-UHFFFAOYSA-N";"8907";"142-91-6";NA;NA;NA;NA;NA;NA;NA
"615";NA;"d-valerolactam";"XUWHAWMETYGRKB-UHFFFAOYSA-N";"12665";"675-20-7";NA;NA;NA;NA;NA;NA;NA
"616";NA;"3-hexenoic acid, (3z)-";"XXHDAWYDNSXJQM-ARJAWSKDSA-N";"5355152";"1775-43-5";NA;NA;NA;NA;NA;NA;NA
"617";NA;"trans-3-hexenoic acid";"XXHDAWYDNSXJQM-ONEGZZNKSA-N";"5282708";"1577-18-0";NA;NA;NA;NA;NA;NA;NA
"618";NA;"tripropylamine";"YFTHZRPMJXBUME-UHFFFAOYSA-N";"7616";"102-69-2";NA;NA;NA;NA;NA;NA;NA
"619";"terpenes";"gamma-terpinene";"YKFLAYDHMOASIY-UHFFFAOYSA-N";"7461";"99-85-4";NA;NA;NA;NA;NA;NA;NA
"620";NA;"pentacosane";"YKNWIILGEFFOPE-UHFFFAOYSA-N";"12406";"629-99-2";NA;NA;NA;NA;NA;NA;NA
"621";NA;"dichloromethane";"YMWUJEATGCHHMB-UHFFFAOYSA-N";"6344";"1975-09-02";NA;NA;NA;NA;NA;NA;NA
"622";NA;"5-methylindole";"YPKBCLZFIYBSHK-UHFFFAOYSA-N";"11978";"614-96-0";NA;NA;NA;NA;NA;NA;NA
"623";NA;"acetylacetone";"YRKCREAYFQTBPV-UHFFFAOYSA-N";"31261";"123-54-6";NA;NA;NA;NA;NA;NA;NA
"624";NA;"6-pentadecanone";"YSHXMTRDMDYAEC-UHFFFAOYSA-N";"70476";"1001-45-2";NA;NA;NA;NA;NA;NA;NA
"625";NA;"vertenol-iso-butyrate";"YSJHMPXIMIOXGU-UHFFFAOYSA-N";"173535";"76649-23-5";NA;NA;NA;NA;NA;NA;NA
"626";NA;"(-)-carvenyl acetate";"YTHRBOFHFYZBRJ-UHFFFAOYSA-N";"7335";"97-42-7";NA;NA;NA;NA;NA;NA;NA
"627";NA;"dimethyl trisulfide";"YWHLKYXPLRWGSE-UHFFFAOYSA-N";"19310";"3658-80-8";NA;NA;NA;NA;NA;NA;NA
"628";NA;"3,3-dimethylacrylic acid";"YYPNJNDODFVZLE-UHFFFAOYSA-N";"10931";"541-47-9";NA;NA;NA;NA;NA;NA;NA
"629";"aromatics";"benzyl valerate";"YZJCDVRXBOPXSQ-UHFFFAOYSA-N";"82584";"10361-39-4";NA;NA;NA;NA;NA;NA;NA
"630";NA;"methyl myristate";"ZAZKJZBWRNNLDS-UHFFFAOYSA-N";"31284";"124-10-7";NA;NA;NA;NA;NA;NA;NA
"631";NA;"trans-3-octen-2-one";"ZCFOBLITZWHNNC-VOTSOKGWSA-N";"5363229";"18402-82-9";NA;NA;NA;NA;NA;NA;NA
"632";NA;"cis-3-hexenyl butyrate";"ZCHOPXVYTWUHDS-WAYWQWQTSA-N";"5352438";"16491-36-4";NA;NA;NA;NA;NA;NA;NA
"633";"aromatics";"benzyl salicylate";"ZCTQGTTXIYCGGC-UHFFFAOYSA-N";"8363";"118-58-1";NA;NA;NA;NA;NA;NA;NA
"634";"amine";"skatole";"ZFRKQXVRDFCRJG-UHFFFAOYSA-N";"6736";"83-34-1";NA;NA;NA;NA;NA;NA;NA
"635";NA;"3-ethyl toluene";"ZLCSFXXPPANWQY-UHFFFAOYSA-N";"12100";"620-14-4";NA;NA;NA;NA;NA;NA;NA
"636";NA;"triethylamine";"ZMANZCXQSJIPKH-UHFFFAOYSA-N";"8471";"121-44-8";NA;NA;NA;NA;NA;NA;NA
"637";NA;"allyl isothiocyanate";"ZOJBYZNEUISWFT-UHFFFAOYSA-N";"5971";"57-06-7";NA;NA;NA;NA;NA;NA;NA
"638";NA;"oleic acid";"ZQPPMHVWECSIRJ-MDZDMXLPSA-N";"637517";"112-80-1";NA;NA;NA;NA;NA;NA;NA
"639";NA;"octacosane";"ZYURHZPYMFLWSH-UHFFFAOYSA-N";"12408";"630-02-4";NA;NA;NA;NA;NA;NA;NA
"640";"aromatics";"ethyl gallate";"VFPFQHQNJCMNBZ-UHFFFAOYSA-N";"13250";"831-61-8";NA;NA;NA;NA;NA;NA;NA
"641";"aromatics";"ethyl vanillin";"CBOQJANXLMLOSS-UHFFFAOYSA-N";"8467";"121-32-4";NA;NA;NA;NA;NA;NA;NA
"642";"aromatics";"quercetin";"REFJWTPEDVJJIY-UHFFFAOYSA-N";"5280343";"117-39-5";NA;NA;NA;NA;NA;NA;NA
"643";"aromatics";"butylhydroxytoluene";"NLZUEZXRPGMBCV-UHFFFAOYSA-N";"31404";"128-37-0";NA;NA;NA;NA;NA;NA;NA
"644";"aromatics";"ethyl protocatechuate";"KBPUBCVJHFXPOC-UHFFFAOYSA-N";"77547";"3943-89-3";NA;NA;NA;NA;NA;NA;NA
"645";"aromatics";"tyrosol";"YCCILVSKPBXVIP-UHFFFAOYSA-N";"10393";"501-94-0";NA;NA;NA;NA;NA;NA;NA
"646";"aromatics";"phenoxyethanol";"XEFAJZOBODPHBG-UHFFFAOYSA-N";"17848643";"56101-99-6";NA;NA;NA;NA;NA;NA;NA
"647";NA;"guaiacol acetate";"BHJHPYFAYGAPLS-UHFFFAOYSA-N";"61155";"613-70-7";NA;NA;NA;NA;NA;NA;NA
"648";NA;"1,1-Dimethoxyethane";"SPEUIVXLLWOEMJ-UHFFFAOYSA-N";"10795";"534-15-6";NA;NA;NA;NA;NA;NA;NA
"649";NA;"1,3-Propanedithiol";"ZJLMKPKYJBQJNH-UHFFFAOYSA-N";"8013";"109-80-8";NA;NA;NA;NA;NA;NA;NA
"650";NA;"2,4,5-Trimethylthiazole";"BAMPVSWRQZNDQC-UHFFFAOYSA-N";"61653";"13623-11-5";NA;NA;NA;NA;NA;NA;NA
"651";NA;"2-Acetylthiazole";"MOMFXATYAINJML-UHFFFAOYSA-N";"520108";"24295-03-2";NA;NA;NA;NA;NA;NA;NA
"652";NA;"(+)-2-Butanol";"BTANRVKWQNVYAZ-BYPYZUCNSA-N";"444683";NA;NA;NA;NA;NA;NA;NA;NA
"653";NA;"2-Butanol";"BTANRVKWQNVYAZ-UHFFFAOYSA-N";"6568";"4221-99-2";NA;NA;NA;NA;NA;NA;NA
"654";NA;"2-Decanone";"ZAJNGDIORYACQU-UHFFFAOYSA-N";"12741";"693-54-9";NA;NA;NA;NA;NA;NA;NA
"655";NA;"2-Isobutylthiazole";"CMPVUVUNJQERIT-UHFFFAOYSA-N";"62725";"18640-74-9";NA;NA;NA;NA;NA;NA;NA
"656";NA;"2-Methylcyclohexanol";"NDVWOBYBJYUSMF-UHFFFAOYSA-N";"11418";"615-39-4";NA;NA;NA;NA;NA;NA;NA
"657";NA;"(+)-3-Heptanol";"RZKSECIXORKHQS-UHFFFAOYSA-N";"11520";"40617-58-1";NA;NA;NA;NA;NA;NA;NA
"658";NA;"3-Pentanone";"FDPIMTJIUBPUKL-UHFFFAOYSA-N";"7288";"96-22-0";NA;NA;NA;NA;NA;NA;NA
"659";NA;"4,5-Dimethylthiazole";"UWSONZCNXUSTKW-UHFFFAOYSA-N";"62510";"3581-91-7";NA;NA;NA;NA;NA;NA;NA
"660";NA;"4-Methylthiazole";"QMHIMXFNBOYPND-UHFFFAOYSA-N";"12748";"693-95-8";NA;NA;NA;NA;NA;NA;NA
"661";NA;"4-Penten-1-ol";"LQAVWYMTUMSFBE-UHFFFAOYSA-N";"13181";"821-09-0";NA;NA;NA;NA;NA;NA;NA
"662";NA;"7-Oxabicyclo[2.2.1]-heptane";"YPWFNLSXQIGJCK-UHFFFAOYSA-N";"9234";"279-49-2";NA;NA;NA;NA;NA;NA;NA
"663";NA;"Benzylamine";"WGQKYBSKWIADBV-UHFFFAOYSA-N";"7504";"100-46-9";NA;NA;NA;NA;NA;NA;NA
"664";NA;"Benzyl trans-2-methyl-2-butenoate";"QRGSTISKDZCDHV-XCVCLJGOSA-N";"250096";"37526-88-8";NA;NA;NA;NA;NA;NA;NA
"665";NA;"(-)-Carveol";"BAVONGHXFVOKBV-RGURZIINSA-N";"11084068";NA;NA;NA;NA;NA;NA;NA;NA
"666";NA;"Chlorobenzene";"MVPPADPHJFYWMZ-UHFFFAOYSA-N";"7964";"68411-45-0";NA;NA;NA;NA;NA;NA;NA
"667";NA;"Citral";"WTEVQBCEXWBHNA-UHFFFAOYSA-N";"8843";NA;NA;NA;NA;NA;NA;NA;NA
"668";NA;"Citronellyl acetate";"JOZKFWLRHCDGJA-UHFFFAOYSA-N";"9017";"20425-54-1";NA;NA;NA;NA;NA;NA;NA
"669";NA;"Dimethoxymethane";"NKDDWNXOKDWJAK-UHFFFAOYSA-N";"8020";"109-87-5";NA;NA;NA;NA;NA;NA;NA
"670";NA;"Ethyl Isobutyrate";"WDAXFOBOLVPGLV-UHFFFAOYSA-N";"7342";"97-62-1";NA;NA;NA;NA;NA;NA;NA
"671";NA;"farnesal";"YHRUHBBTQZKMEX-YFVJMOTDSA-N";"5280598";"19317-11-4";NA;NA;NA;NA;NA;NA;NA
"672";NA;"Farnesol";"CRDAMVZIKSXKFV-UHFFFAOYSA-N";"3327";NA;NA;NA;NA;NA;NA;NA;NA
"673";NA;"Furfuryl heptanoate";"VZRGLBPRLIGTPE-UHFFFAOYSA-N";"557223";NA;NA;NA;NA;NA;NA;NA;NA
"674";NA;"Furfuryl Octanoate";"JNIWCVWKECYDSV-UHFFFAOYSA-N";"61985";"39252-03-4";NA;NA;NA;NA;NA;NA;NA
"675";NA;"Pentane";"OFBQJSOFQDEBGM-UHFFFAOYSA-N";"8003";"109-66-0";NA;NA;NA;NA;NA;NA;NA
"676";NA;"(R)-(+)-Citronellal";"NEHNMFOYXAPHSD-SNVBAGLBSA-N";"75427";"106-23-0";NA;NA;NA;NA;NA;NA;NA
"677";NA;"Thiazole";"FZWLAAWBMGSTSO-UHFFFAOYSA-N";"9256";"288-47-1";NA;NA;NA;NA;NA;NA;NA
"678";NA;"Xylenes";"UERBALMVMSYIMI-UHFFFAOYSA-N";"16211355";NA;NA;NA;NA;NA;NA;NA;NA
"679";NA;"β-Citronellol";"QMVPMAAFGQKVCJ-UHFFFAOYSA-N";"8842";"141-25-3";NA;NA;NA;NA;NA;NA;NA
